{ "height":15,
 "infinite":false,
 "layers":[
        {
         "data":[3, 3, 3, 3, 3, 3, 3, 3, 3, 3, 3, 3, 3, 3, 3, 3, 3, 3, 3, 3, 3, 3, 3, 3, 3, 3, 3, 3, 3, 3, 3, 3, 3, 3, 3, 3, 3, 3, 3, 3, 3, 3, 3, 3, 3, 3, 3, 3, 3, 3, 3, 3, 3, 3, 3, 3, 3, 3, 3, 3, 3, 3, 3, 3, 3, 3, 3, 3, 3, 3, 3, 3, 3, 3, 3, 3, 3, 3, 3, 3, 3, 3, 3, 3, 3, 3, 3, 3, 3, 3, 3, 3, 3, 3, 3, 3, 3, 3, 3, 3, 3, 3, 3, 3, 3, 3, 3, 3, 3, 3, 3, 3, 3, 3, 3, 3, 3, 3, 3, 3, 3, 3, 3, 3, 3, 3, 3, 3, 3, 3, 3, 3, 3, 3, 3, 3, 3, 3, 3, 3, 3, 3, 3, 3, 3, 3, 35, 3, 3, 3, 3, 3, 35, 3, 3, 3, 3, 3, 3, 3, 3, 3, 3, 3, 3, 3, 50, 28, 3, 3, 3, 3, 50, 27, 3, 3, 3, 3, 3, 3, 3, 3, 3, 3, 32, 33, 33, 33, 78, 78, 78, 78, 78, 78, 34, 3, 3, 3, 3, 3, 3, 3, 3, 3, 62, 63, 63, 63, 63, 63, 63, 63, 63, 63, 64, 3, 3, 3, 3, 3, 3, 3, 3, 3, 3, 3, 3, 3, 3, 3, 3, 3, 3, 3, 3, 3, 3, 3, 3, 3, 3, 3, 3, 3, 3, 3, 3, 3, 3, 3, 3, 3, 3, 3, 3, 3, 3, 3, 3, 3, 3, 3, 3, 3, 3, 3, 3, 3, 3, 3, 3, 3, 3, 3, 3, 3, 3, 3, 3, 3, 3, 3, 3, 3, 3, 3, 3, 3, 3, 3, 3, 3, 3, 3, 3, 3, 3, 3, 3, 3],
         "height":15,
         "id":10,
         "name":"Tile Layer 1",
         "opacity":1,
         "type":"tilelayer",
         "visible":true,
         "width":20,
         "x":0,
         "y":0
        }, 
        {
         "draworder":"topdown",
         "id":3,
         "name":"Object Layer 1",
         "objects":[
                {
                 "gid":2,
                 "height":32,
                 "id":10,
                 "name":"",
                 "properties":[
                        {
                         "name":"type",
                         "type":"string",
                         "value":"LevelSpawn"
                        }],
                 "rotation":0,
                 "type":"",
                 "visible":true,
                 "width":32,
                 "x":288,
                 "y":288
                }, 
                {
                 "gid":76,
                 "height":32,
                 "id":40,
                 "name":"",
                 "properties":[
                        {
                         "name":"enemyType",
                         "type":"string",
                         "value":"flyingBat"
                        }, 
                        {
                         "name":"horizontal",
                         "type":"string",
                         "value":"true"
                        }, 
                        {
                         "name":"orientation",
                         "type":"string",
                         "value":"left"
                        }, 
                        {
                         "name":"startDirection",
                         "type":"string",
                         "value":"left"
                        }],
                 "rotation":0,
                 "type":"EnemySpawn",
                 "visible":true,
                 "width":32,
                 "x":352,
                 "y":128
                }, 
                {
                 "gid":31,
                 "height":32,
                 "id":51,
                 "name":"",
                 "properties":[
                        {
                         "name":"enemyType",
                         "type":"string",
                         "value":"sleepingEnemy"
                        }, 
                        {
                         "name":"orientation",
                         "type":"string",
                         "value":"left"
                        }],
                 "rotation":0,
                 "type":"EnemySpawn",
                 "visible":true,
                 "width":32,
                 "x":224,
                 "y":128
                }, 
                {
                 "gid":16,
                 "height":32,
                 "id":78,
                 "name":"",
                 "properties":[
                        {
                         "name":"enemyType",
                         "type":"string",
                         "value":"floatingBug"
                        }, 
                        {
                         "name":"orientation",
                         "type":"string",
                         "value":"right"
                        }],
                 "rotation":0,
                 "type":"EnemySpawn",
                 "visible":true,
                 "width":32,
                 "x":256,
                 "y":128
                }, 
                {
                 "gid":61,
                 "height":32,
                 "id":82,
                 "name":"",
                 "properties":[
                        {
                         "name":"enemyType",
                         "type":"string",
                         "value":"dustBunny"
                        }, 
                        {
                         "name":"orientation",
                         "type":"string",
                         "value":"left"
                        }],
                 "rotation":0,
                 "type":"EnemySpawn",
                 "visible":true,
                 "width":32,
                 "x":320,
                 "y":128
                }, 
                {
                 "gid":46,
                 "height":32,
                 "id":94,
                 "name":"",
                 "properties":[
                        {
                         "name":"enemyType",
                         "type":"string",
                         "value":"chasingEnemy"
                        }, 
                        {
                         "name":"orientation",
                         "type":"string",
                         "value":"right"
                        }],
                 "rotation":0,
                 "type":"EnemySpawn",
                 "visible":true,
                 "width":32,
                 "x":416,
                 "y":128
                }, 
                {
                 "gid":91,
                 "height":32,
                 "id":100,
                 "name":"",
                 "rotation":0,
                 "type":"Jidan",
                 "visible":true,
                 "width":32,
                 "x":192,
                 "y":192
                }],
         "opacity":1,
         "type":"objectgroup",
         "visible":true,
         "x":0,
         "y":0
        }],
 "nextlayerid":11,
 "nextobjectid":132,
 "orientation":"orthogonal",
 "renderorder":"right-down",
 "tiledversion":"1.2.4",
 "tileheight":32,
 "tilesets":[
        {
         "firstgid":1,
         "source":"..\/tiles\/World1.tsx"
        }, 
        {
         "columns":6,
         "firstgid":136,
         "image":"..\/..\/..\/your-guide-to-the-afterlife\/lib\/images\/ObjectTileSet.png",
         "imageheight":96,
         "imagewidth":192,
         "margin":0,
         "name":"ObjectTileSet",
         "spacing":0,
         "tilecount":18,
         "tileheight":32,
         "tilewidth":32
        }],
 "tilewidth":32,
 "type":"map",
 "version":1.2,
 "width":20
}