{ "height":26,
 "infinite":false,
 "layers":[
        {
         "data":[3, 3, 3, 3, 3, 3, 3, 3, 3, 3, 3, 3, 3, 3, 3, 3, 3, 3, 3, 3, 3, 3, 3, 3, 3, 3, 3, 3, 3, 3, 3, 3, 3, 3, 3, 3, 3, 3, 3, 3, 3, 3, 3, 3, 3, 3, 3, 3, 3, 3, 3, 3, 3, 3, 3, 3, 3, 3, 3, 3, 3, 3, 3, 3, 3, 3, 3, 3, 3, 3, 3, 3, 3, 3, 3, 3, 3, 3, 3, 3, 3, 3, 3, 3, 3, 3, 3, 3, 3, 3, 3, 3, 3, 3, 3, 3, 3, 3, 3, 3, 3, 3, 3, 3, 3, 3, 3, 3, 3, 3, 3, 3, 3, 3, 3, 3, 3, 3, 3, 3, 3, 3, 3, 3, 3, 3, 3, 3, 3, 3, 3, 3, 3, 3, 3, 3, 3, 3, 3, 3, 3, 3, 3, 3, 3, 3, 3, 3, 3, 3, 3, 3, 3, 3, 3, 3, 3, 3, 3, 3, 3, 3, 3, 3, 3, 3, 3, 3, 3, 3, 3, 3, 3, 3, 3, 3, 3, 3, 3, 3, 3, 3, 3, 3, 3, 3, 3, 3, 3, 3, 3, 3, 3, 3, 3, 3, 3, 3, 3, 3, 3, 3, 3, 3, 3, 3, 3, 3, 3, 3, 3, 3, 3, 3, 3, 3, 3, 3, 3, 3, 3, 3, 3, 3, 3, 3, 3, 3, 3, 3, 3, 3, 3, 3, 3, 3, 3, 3, 32, 33, 33, 33, 33, 78, 78, 34, 3, 3, 3, 3, 3, 3, 3, 3, 3, 3, 3, 3, 3, 3, 3, 3, 3, 3, 47, 48, 63, 63, 63, 63, 63, 64, 3, 3, 3, 3, 65, 3, 3, 3, 3, 3, 3, 3, 3, 3, 3, 3, 3, 32, 79, 64, 3, 3, 3, 3, 3, 3, 3, 3, 67, 3, 81, 3, 3, 3, 67, 3, 3, 3, 3, 3, 3, 3, 3, 47, 49, 3, 3, 3, 3, 3, 3, 3, 3, 3, 3, 3, 81, 3, 3, 3, 3, 3, 3, 3, 3, 3, 3, 3, 32, 79, 64, 3, 3, 3, 3, 3, 3, 3, 3, 3, 3, 3, 66, 3, 3, 3, 3, 3, 3, 3, 3, 3, 3, 3, 47, 49, 3, 3, 3, 3, 3, 3, 3, 3, 3, 3, 3, 3, 3, 3, 3, 3, 3, 3, 3, 3, 3, 3, 3, 3, 47, 49, 3, 3, 3, 3, 3, 3, 3, 3, 3, 3, 3, 3, 3, 67, 3, 3, 3, 3, 3, 3, 3, 3, 3, 3, 47, 49, 3, 3, 3, 3, 67, 3, 3, 3, 3, 3, 3, 3, 3, 3, 3, 3, 3, 3, 3, 3, 3, 3, 3, 3, 47, 49, 3, 3, 3, 3, 3, 3, 3, 67, 3, 3, 3, 3, 3, 3, 3, 3, 3, 3, 3, 3, 3, 3, 3, 3, 47, 49, 3, 3, 3, 3, 3, 3, 3, 3, 3, 3, 3, 3, 3, 3, 3, 3, 3, 3, 3, 3, 3, 3, 3, 3, 47, 49, 3, 3, 3, 3, 3, 3, 3, 3, 3, 3, 3, 3, 3, 3, 3, 3, 3, 3, 3, 3, 3, 3, 3, 3, 47, 49, 3, 65, 3, 3, 3, 3, 3, 3, 3, 3, 3, 3, 3, 3, 3, 3, 3, 3, 3, 3, 3, 3, 3, 3, 62, 49, 3, 81, 3, 3, 3, 3, 3, 3, 3, 3, 3, 3, 3, 3, 3, 3, 3, 3, 3, 3, 3, 3, 3, 3, 3, 47, 80, 49, 3, 3, 3, 3, 3, 3, 3, 3, 3, 3, 3, 3, 3, 3, 3, 3, 3, 3, 3, 3, 3, 3, 3, 47, 48, 49, 3, 3, 3, 3, 3, 3, 3, 3, 3, 3, 3, 3, 3, 3, 3, 3, 3, 3, 3, 3, 3, 3, 3, 62, 48, 49, 3, 3, 3, 3, 3, 3, 3, 3, 3, 3, 3, 3, 3, 3, 3, 3, 3, 3, 3, 3, 3, 3, 3, 3, 47, 49, 3, 3, 3, 3, 3, 3, 3, 3, 3, 3, 3, 3, 3, 3, 3, 3, 3, 3, 3, 3],
         "height":26,
         "id":11,
         "name":"Tile Layer 1",
         "opacity":1,
         "type":"tilelayer",
         "visible":true,
         "width":26,
         "x":0,
         "y":0
        }, 
        {
         "draworder":"topdown",
         "id":3,
         "name":"Object Layer 1",
         "objects":[
                {
                 "gid":2,
                 "height":32,
                 "id":10,
                 "name":"",
                 "properties":[
                        {
                         "name":"type",
                         "type":"string",
                         "value":"LevelSpawn"
                        }],
                 "rotation":0,
                 "type":"",
                 "visible":true,
                 "width":32,
                 "x":288,
                 "y":288
                }, 
                {
                 "gid":91,
                 "height":32,
                 "id":100,
                 "name":"",
                 "rotation":0,
                 "type":"Jidan",
                 "visible":true,
                 "width":32,
                 "x":384,
                 "y":288
                }, 
                {
                 "gid":2,
                 "height":32,
                 "id":132,
                 "name":"",
                 "properties":[
                        {
                         "name":"destination",
                         "type":"string",
                         "value":"Stage_3_11"
                        }],
                 "rotation":0,
                 "type":"Transition",
                 "visible":true,
                 "width":32,
                 "x":160,
                 "y":640
                }, 
                {
                 "gid":16,
                 "height":32,
                 "id":134,
                 "name":"",
                 "properties":[
                        {
                         "name":"enemyType",
                         "type":"string",
                         "value":"floatingBug"
                        }, 
                        {
                         "name":"orientation",
                         "type":"string",
                         "value":"right"
                        }],
                 "rotation":0,
                 "type":"EnemySpawn",
                 "visible":true,
                 "width":32,
                 "x":544,
                 "y":288
                }, 
                {
                 "gid":16,
                 "height":32,
                 "id":135,
                 "name":"",
                 "properties":[
                        {
                         "name":"enemyType",
                         "type":"string",
                         "value":"floatingBug"
                        }, 
                        {
                         "name":"orientation",
                         "type":"string",
                         "value":"left"
                        }],
                 "rotation":0,
                 "type":"EnemySpawn",
                 "visible":true,
                 "width":32,
                 "x":448,
                 "y":320
                }, 
                {
                 "gid":16,
                 "height":32,
                 "id":136,
                 "name":"",
                 "properties":[
                        {
                         "name":"enemyType",
                         "type":"string",
                         "value":"floatingBug"
                        }, 
                        {
                         "name":"orientation",
                         "type":"string",
                         "value":"right"
                        }],
                 "rotation":0,
                 "type":"EnemySpawn",
                 "visible":true,
                 "width":32,
                 "x":640,
                 "y":320
                }, 
                {
                 "gid":16,
                 "height":32,
                 "id":137,
                 "name":"",
                 "properties":[
                        {
                         "name":"enemyType",
                         "type":"string",
                         "value":"floatingBug"
                        }, 
                        {
                         "name":"orientation",
                         "type":"string",
                         "value":"left"
                        }],
                 "rotation":0,
                 "type":"EnemySpawn",
                 "visible":true,
                 "width":32,
                 "x":544,
                 "y":384
                }, 
                {
                 "gid":16,
                 "height":32,
                 "id":138,
                 "name":"",
                 "properties":[
                        {
                         "name":"enemyType",
                         "type":"string",
                         "value":"floatingBug"
                        }, 
                        {
                         "name":"orientation",
                         "type":"string",
                         "value":"left"
                        }],
                 "rotation":0,
                 "type":"EnemySpawn",
                 "visible":true,
                 "width":32,
                 "x":448,
                 "y":448
                }, 
                {
                 "gid":16,
                 "height":32,
                 "id":139,
                 "name":"",
                 "properties":[
                        {
                         "name":"enemyType",
                         "type":"string",
                         "value":"floatingBug"
                        }, 
                        {
                         "name":"orientation",
                         "type":"string",
                         "value":"right"
                        }],
                 "rotation":0,
                 "type":"EnemySpawn",
                 "visible":true,
                 "width":32,
                 "x":640,
                 "y":448
                }, 
                {
                 "gid":16,
                 "height":32,
                 "id":140,
                 "name":"",
                 "properties":[
                        {
                         "name":"enemyType",
                         "type":"string",
                         "value":"floatingBug"
                        }, 
                        {
                         "name":"orientation",
                         "type":"string",
                         "value":"right"
                        }],
                 "rotation":0,
                 "type":"EnemySpawn",
                 "visible":true,
                 "width":32,
                 "x":544,
                 "y":480
                }, 
                {
                 "gid":16,
                 "height":32,
                 "id":148,
                 "name":"",
                 "properties":[
                        {
                         "name":"enemyType",
                         "type":"string",
                         "value":"floatingBug"
                        }, 
                        {
                         "name":"orientation",
                         "type":"string",
                         "value":"left"
                        }],
                 "rotation":0,
                 "type":"EnemySpawn",
                 "visible":true,
                 "width":32,
                 "x":448,
                 "y":544
                }, 
                {
                 "gid":16,
                 "height":32,
                 "id":149,
                 "name":"",
                 "properties":[
                        {
                         "name":"enemyType",
                         "type":"string",
                         "value":"floatingBug"
                        }, 
                        {
                         "name":"orientation",
                         "type":"string",
                         "value":"right"
                        }],
                 "rotation":0,
                 "type":"EnemySpawn",
                 "visible":true,
                 "width":32,
                 "x":640,
                 "y":544
                }, 
                {
                 "gid":16,
                 "height":32,
                 "id":150,
                 "name":"",
                 "properties":[
                        {
                         "name":"enemyType",
                         "type":"string",
                         "value":"floatingBug"
                        }, 
                        {
                         "name":"orientation",
                         "type":"string",
                         "value":"right"
                        }],
                 "rotation":0,
                 "type":"EnemySpawn",
                 "visible":true,
                 "width":32,
                 "x":544,
                 "y":576
                }, 
                {
                 "gid":16,
                 "height":32,
                 "id":155,
                 "name":"",
                 "properties":[
                        {
                         "name":"enemyType",
                         "type":"string",
                         "value":"floatingBug"
                        }, 
                        {
                         "name":"orientation",
                         "type":"string",
                         "value":"right"
                        }],
                 "rotation":0,
                 "type":"EnemySpawn",
                 "visible":true,
                 "width":32,
                 "x":352,
                 "y":468
                }, 
                {
                 "gid":16,
                 "height":32,
                 "id":156,
                 "name":"",
                 "properties":[
                        {
                         "name":"enemyType",
                         "type":"string",
                         "value":"floatingBug"
                        }, 
                        {
                         "name":"orientation",
                         "type":"string",
                         "value":"right"
                        }],
                 "rotation":0,
                 "type":"EnemySpawn",
                 "visible":true,
                 "width":32,
                 "x":352,
                 "y":544
                }, 
                {
                 "gid":16,
                 "height":32,
                 "id":157,
                 "name":"",
                 "properties":[
                        {
                         "name":"enemyType",
                         "type":"string",
                         "value":"floatingBug"
                        }, 
                        {
                         "name":"orientation",
                         "type":"string",
                         "value":"right"
                        }],
                 "rotation":0,
                 "type":"EnemySpawn",
                 "visible":true,
                 "width":32,
                 "x":352,
                 "y":621
                }, 
                {
                 "gid":16,
                 "height":32,
                 "id":158,
                 "name":"",
                 "properties":[
                        {
                         "name":"enemyType",
                         "type":"string",
                         "value":"floatingBug"
                        }, 
                        {
                         "name":"orientation",
                         "type":"string",
                         "value":"right"
                        }],
                 "rotation":0,
                 "type":"EnemySpawn",
                 "visible":true,
                 "width":32,
                 "x":256,
                 "y":512
                }, 
                {
                 "gid":16,
                 "height":32,
                 "id":159,
                 "name":"",
                 "properties":[
                        {
                         "name":"enemyType",
                         "type":"string",
                         "value":"floatingBug"
                        }, 
                        {
                         "name":"orientation",
                         "type":"string",
                         "value":"right"
                        }],
                 "rotation":0,
                 "type":"EnemySpawn",
                 "visible":true,
                 "width":32,
                 "x":256,
                 "y":608
                }, 
                {
                 "gid":16,
                 "height":32,
                 "id":160,
                 "name":"",
                 "properties":[
                        {
                         "name":"enemyType",
                         "type":"string",
                         "value":"floatingBug"
                        }, 
                        {
                         "name":"orientation",
                         "type":"string",
                         "value":"right"
                        }],
                 "rotation":0,
                 "type":"EnemySpawn",
                 "visible":true,
                 "width":32,
                 "x":448,
                 "y":640
                }, 
                {
                 "gid":91,
                 "height":32,
                 "id":161,
                 "name":"",
                 "rotation":0,
                 "type":"Jidan",
                 "visible":true,
                 "width":32,
                 "x":480,
                 "y":288
                }, 
                {
                 "gid":91,
                 "height":32,
                 "id":162,
                 "name":"",
                 "rotation":0,
                 "type":"Jidan",
                 "visible":true,
                 "width":32,
                 "x":544,
                 "y":352
                }, 
                {
                 "gid":91,
                 "height":32,
                 "id":163,
                 "name":"",
                 "rotation":0,
                 "type":"Jidan",
                 "visible":true,
                 "width":32,
                 "x":544,
                 "y":448
                }, 
                {
                 "gid":91,
                 "height":32,
                 "id":164,
                 "name":"",
                 "rotation":0,
                 "type":"Jidan",
                 "visible":true,
                 "width":32,
                 "x":608,
                 "y":320
                }, 
                {
                 "gid":91,
                 "height":32,
                 "id":165,
                 "name":"",
                 "rotation":0,
                 "type":"Jidan",
                 "visible":true,
                 "width":32,
                 "x":640,
                 "y":512
                }, 
                {
                 "gid":91,
                 "height":32,
                 "id":166,
                 "name":"",
                 "rotation":0,
                 "type":"Jidan",
                 "visible":true,
                 "width":32,
                 "x":608,
                 "y":576
                }, 
                {
                 "gid":91,
                 "height":32,
                 "id":167,
                 "name":"",
                 "rotation":0,
                 "type":"Jidan",
                 "visible":true,
                 "width":32,
                 "x":512,
                 "y":576
                }, 
                {
                 "gid":91,
                 "height":32,
                 "id":168,
                 "name":"",
                 "rotation":0,
                 "type":"Jidan",
                 "visible":true,
                 "width":32,
                 "x":448,
                 "y":480
                }, 
                {
                 "gid":91,
                 "height":32,
                 "id":169,
                 "name":"",
                 "rotation":0,
                 "type":"Jidan",
                 "visible":true,
                 "width":32,
                 "x":448,
                 "y":576
                }, 
                {
                 "gid":91,
                 "height":32,
                 "id":171,
                 "name":"",
                 "rotation":0,
                 "type":"Jidan",
                 "visible":true,
                 "width":32,
                 "x":320,
                 "y":524
                }, 
                {
                 "gid":91,
                 "height":32,
                 "id":172,
                 "name":"",
                 "rotation":0,
                 "type":"Jidan",
                 "visible":true,
                 "width":32,
                 "x":256,
                 "y":480
                }, 
                {
                 "gid":91,
                 "height":32,
                 "id":173,
                 "name":"",
                 "rotation":0,
                 "type":"Jidan",
                 "visible":true,
                 "width":32,
                 "x":256,
                 "y":576
                }, 
                {
                 "gid":91,
                 "height":32,
                 "id":174,
                 "name":"",
                 "rotation":0,
                 "type":"Jidan",
                 "visible":true,
                 "width":32,
                 "x":384,
                 "y":621
                }, 
                {
                 "gid":91,
                 "height":32,
                 "id":175,
                 "name":"",
                 "rotation":0,
                 "type":"Jidan",
                 "visible":true,
                 "width":32,
                 "x":384,
                 "y":469
                }],
         "opacity":1,
         "type":"objectgroup",
         "visible":true,
         "x":0,
         "y":0
        }],
 "nextlayerid":12,
 "nextobjectid":176,
 "orientation":"orthogonal",
 "properties":[
        {
         "name":"scoreThresholds",
         "type":"string",
         "value":"3800,7000,13000"
        }],
 "renderorder":"right-down",
 "tiledversion":"1.2.4",
 "tileheight":32,
 "tilesets":[
        {
         "firstgid":1,
         "source":"..\/tiles\/World1.tsx"
        }, 
        {
         "columns":6,
         "firstgid":136,
         "image":"..\/..\/..\/your-guide-to-the-afterlife\/lib\/images\/ObjectTileSet.png",
         "imageheight":96,
         "imagewidth":192,
         "margin":0,
         "name":"ObjectTileSet",
         "spacing":0,
         "tilecount":18,
         "tileheight":32,
         "tilewidth":32
        }],
 "tilewidth":32,
 "type":"map",
 "version":1.2,
 "width":26
}