{ "height":15,
 "infinite":false,
 "layers":[
        {
         "data":[3, 3, 3, 3, 3, 3, 3, 3, 3, 3, 3, 3, 3, 3, 3, 3, 3, 3, 3, 3, 3, 3, 3, 3, 3, 3, 3, 3, 3, 3, 3, 3, 3, 3, 3, 3, 3, 3, 3, 3, 3, 3, 3, 3, 3, 3, 3, 3, 3, 3, 3, 3, 3, 3, 3, 3, 3, 3, 3, 3, 3, 3, 3, 3, 3, 3, 3, 3, 3, 3, 3, 3, 3, 3, 3, 3, 3, 3, 3, 3, 3, 3, 3, 3, 3, 3, 3, 3, 3, 3, 3, 3, 3, 3, 3, 3, 3, 3, 3, 3, 3, 3, 3, 3, 3, 3, 3, 3, 3, 3, 3, 3, 3, 3, 3, 3, 3, 3, 3, 3, 3, 3, 3, 3, 3, 3, 3, 3, 3, 3, 3, 3, 3, 3, 3, 32, 33, 33, 33, 33, 33, 33, 33, 34, 3, 3, 3, 3, 3, 3, 3, 3, 3, 3, 3, 3, 3, 3, 3, 3, 3, 3, 3, 3, 3, 3, 3, 3, 3, 3, 3, 3, 3, 3, 3, 3, 3, 3, 3, 3, 3, 3, 3, 3, 3, 3, 3, 3, 3, 3, 47, 48, 48, 48, 48, 48, 48, 48, 49, 3, 3, 3, 3, 3, 3, 3, 3, 3, 3, 3, 3, 3, 3, 3, 3, 3, 3, 3, 3, 3, 3, 3, 3, 3, 3, 3, 3, 3, 3, 3, 3, 3, 3, 3, 65, 3, 3, 3, 3, 3, 3, 3, 3, 3, 3, 62, 63, 63, 63, 63, 63, 63, 63, 64, 3, 3, 3, 3, 3, 3, 3, 3, 3, 3, 3, 3, 3, 3, 3, 3, 3, 3, 3, 3, 3, 3, 3, 3, 3, 3, 3, 3, 3, 3, 3, 3, 3, 3, 3, 66, 3, 3, 3, 3, 65, 3, 3, 3, 3, 3, 3, 3, 3, 3, 3, 3, 3, 3, 3, 3, 3, 3, 3, 3, 3, 3, 3, 3, 3, 3, 3, 3, 3, 3, 3, 3, 3, 3, 3, 3, 3, 3, 3, 3, 3, 3, 3, 3, 3, 3, 3, 3, 3, 3, 3, 3, 3, 3, 3, 66, 3, 3, 3, 3, 3, 3, 3, 3, 3, 3, 3, 3, 3, 3, 3, 3, 3, 3, 3, 3, 3, 3, 3, 3, 3, 3, 3, 3, 3, 3, 3, 3, 3, 3, 3, 3, 3, 3, 3, 3, 3, 3, 3, 3, 3, 3, 3, 3, 3, 3, 3, 3, 3, 3, 3, 3, 3, 3, 3, 3, 3, 3, 3, 3, 3, 3, 3, 3, 3, 3, 3, 3, 3, 3, 3, 3, 3, 3, 3, 3, 3, 3, 3, 32, 33, 33, 33, 34, 3, 3, 3, 3, 3, 3, 3, 3, 3, 3, 3, 3, 3, 3, 3, 3, 3, 3, 3, 3, 3, 3, 3, 3, 3, 3, 3, 3, 3, 3, 3, 3, 3, 3, 3, 3, 3, 3, 3, 3, 3, 3, 3, 3, 3, 3, 3, 3, 3, 3, 47, 48, 48, 48, 49, 3, 3, 3, 3, 3, 3, 32, 33, 78, 34, 3, 3, 3, 3, 3, 3, 3, 3, 3, 3, 3, 3, 3, 3, 3, 3, 3, 32, 33, 33, 33, 33, 33, 33, 33, 34, 3, 3, 3, 3, 3, 3, 3, 3, 3, 3, 3, 3, 3, 3, 62, 63, 63, 63, 64, 3, 3, 3, 3, 3, 3, 62, 63, 63, 64, 3, 3, 3, 32, 33, 33, 33, 33, 33, 33, 33, 33, 33, 33, 34, 3, 3, 47, 48, 48, 48, 48, 48, 48, 48, 49, 3, 3, 3, 3, 32, 33, 33, 33, 34, 3, 3, 3, 67, 3, 3, 3, 3, 3, 3, 3, 3, 3, 3, 3, 3, 3, 3, 3, 3, 3, 3, 3, 47, 48, 48, 48, 48, 48, 48, 48, 48, 48, 48, 49, 3, 3, 62, 63, 63, 63, 63, 63, 63, 63, 64, 3, 3, 3, 3, 47, 48, 48, 48, 49, 3, 3, 3, 3, 3, 3, 3, 3, 3, 3, 3, 3, 3, 3, 3, 3, 3, 3, 3, 3, 3, 3, 3, 62, 63, 63, 63, 63, 63, 63, 63, 63, 63, 63, 64, 3, 3, 3, 3, 3, 3, 3, 3, 3, 3, 3, 3, 3, 3, 3, 62, 63, 63, 63, 64, 3, 3, 3, 3, 3, 3, 3, 3, 3, 3, 3, 3, 3, 3, 3, 3, 3, 3, 3, 3, 3, 3, 3, 3, 3, 3, 3, 3, 3, 3, 3, 3, 3, 3, 3, 3, 3, 3, 3, 3, 3, 3, 3, 3, 3, 3, 3, 3, 3, 3, 3, 3, 3, 3, 3, 3, 3, 3, 3, 3, 3, 3, 3, 3, 3, 3, 3, 3, 3, 3, 3, 3, 3, 3, 3, 3, 3, 3, 3, 3, 3, 3, 3, 3, 3, 3, 3, 3, 3, 3, 3, 3, 3, 3, 3, 3, 3, 3, 3, 3, 3, 3, 3, 3, 3, 3, 3, 3, 3, 3, 3, 3, 3, 3, 3, 3, 3, 3, 3, 3, 3, 3],
         "height":15,
         "id":12,
         "name":"Tile Layer 1",
         "opacity":1,
         "type":"tilelayer",
         "visible":true,
         "width":55,
         "x":0,
         "y":0
        }, 
        {
         "draworder":"topdown",
         "id":3,
         "name":"Object Layer 1",
         "objects":[
                {
                 "gid":2,
                 "height":32,
                 "id":10,
                 "name":"",
                 "properties":[
                        {
                         "name":"type",
                         "type":"string",
                         "value":"LevelSpawn"
                        }],
                 "rotation":0,
                 "type":"",
                 "visible":true,
                 "width":32,
                 "x":160,
                 "y":288
                }, 
                {
                 "gid":76,
                 "height":32,
                 "id":40,
                 "name":"",
                 "properties":[
                        {
                         "name":"enemyType",
                         "type":"string",
                         "value":"flyingBat"
                        }, 
                        {
                         "name":"horizontal",
                         "type":"string",
                         "value":"false"
                        }, 
                        {
                         "name":"orientation",
                         "type":"string",
                         "value":"left"
                        }, 
                        {
                         "name":"startDirection",
                         "type":"string",
                         "value":"up"
                        }],
                 "rotation":0,
                 "type":"EnemySpawn",
                 "visible":true,
                 "width":32,
                 "x":448,
                 "y":256
                }, 
                {
                 "gid":16,
                 "height":32,
                 "id":78,
                 "name":"",
                 "properties":[
                        {
                         "name":"enemyType",
                         "type":"string",
                         "value":"floatingBug"
                        }, 
                        {
                         "name":"orientation",
                         "type":"string",
                         "value":"left"
                        }],
                 "rotation":0,
                 "type":"EnemySpawn",
                 "visible":true,
                 "width":32,
                 "x":1184,
                 "y":256
                }, 
                {
                 "gid":91,
                 "height":32,
                 "id":100,
                 "name":"",
                 "rotation":0,
                 "type":"Jidan",
                 "visible":true,
                 "width":32,
                 "x":288,
                 "y":256
                }, 
                {
                 "gid":2,
                 "height":32,
                 "id":132,
                 "name":"",
                 "properties":[
                        {
                         "name":"destination",
                         "type":"string",
                         "value":"Stage_2_3"
                        }],
                 "rotation":0,
                 "type":"Transition",
                 "visible":true,
                 "width":32,
                 "x":1632,
                 "y":192
                }, 
                {
                 "gid":76,
                 "height":32,
                 "id":133,
                 "name":"",
                 "properties":[
                        {
                         "name":"enemyType",
                         "type":"string",
                         "value":"flyingBat"
                        }, 
                        {
                         "name":"horizontal",
                         "type":"string",
                         "value":"false"
                        }, 
                        {
                         "name":"orientation",
                         "type":"string",
                         "value":"left"
                        }, 
                        {
                         "name":"startDirection",
                         "type":"string",
                         "value":"up"
                        }],
                 "rotation":0,
                 "type":"EnemySpawn",
                 "visible":true,
                 "width":32,
                 "x":608,
                 "y":288
                }, 
                {
                 "gid":76,
                 "height":32,
                 "id":134,
                 "name":"",
                 "properties":[
                        {
                         "name":"enemyType",
                         "type":"string",
                         "value":"flyingBat"
                        }, 
                        {
                         "name":"horizontal",
                         "type":"string",
                         "value":"false"
                        }, 
                        {
                         "name":"orientation",
                         "type":"string",
                         "value":"left"
                        }, 
                        {
                         "name":"startDirection",
                         "type":"string",
                         "value":"down"
                        }],
                 "rotation":0,
                 "type":"EnemySpawn",
                 "visible":true,
                 "width":32,
                 "x":864,
                 "y":224
                }, 
                {
                 "gid":76,
                 "height":32,
                 "id":135,
                 "name":"",
                 "properties":[
                        {
                         "name":"enemyType",
                         "type":"string",
                         "value":"flyingBat"
                        }, 
                        {
                         "name":"horizontal",
                         "type":"string",
                         "value":"false"
                        }, 
                        {
                         "name":"orientation",
                         "type":"string",
                         "value":"left"
                        }, 
                        {
                         "name":"startDirection",
                         "type":"string",
                         "value":"up"
                        }],
                 "rotation":0,
                 "type":"EnemySpawn",
                 "visible":true,
                 "width":32,
                 "x":992,
                 "y":224
                }, 
                {
                 "gid":76,
                 "height":32,
                 "id":136,
                 "name":"",
                 "properties":[
                        {
                         "name":"enemyType",
                         "type":"string",
                         "value":"flyingBat"
                        }, 
                        {
                         "name":"horizontal",
                         "type":"string",
                         "value":"false"
                        }, 
                        {
                         "name":"orientation",
                         "type":"string",
                         "value":"left"
                        }, 
                        {
                         "name":"startDirection",
                         "type":"string",
                         "value":"down"
                        }],
                 "rotation":0,
                 "type":"EnemySpawn",
                 "visible":true,
                 "width":32,
                 "x":992,
                 "y":256
                }, 
                {
                 "gid":76,
                 "height":32,
                 "id":139,
                 "name":"",
                 "properties":[
                        {
                         "name":"enemyType",
                         "type":"string",
                         "value":"flyingBat"
                        }, 
                        {
                         "name":"horizontal",
                         "type":"string",
                         "value":"false"
                        }, 
                        {
                         "name":"orientation",
                         "type":"string",
                         "value":"left"
                        }, 
                        {
                         "name":"startDirection",
                         "type":"string",
                         "value":"up"
                        }],
                 "rotation":0,
                 "type":"EnemySpawn",
                 "visible":true,
                 "width":32,
                 "x":1472,
                 "y":256
                }, 
                {
                 "gid":91,
                 "height":32,
                 "id":140,
                 "name":"",
                 "rotation":0,
                 "type":"Jidan",
                 "visible":true,
                 "width":32,
                 "x":448,
                 "y":288
                }, 
                {
                 "gid":91,
                 "height":32,
                 "id":141,
                 "name":"",
                 "rotation":0,
                 "type":"Jidan",
                 "visible":true,
                 "width":32,
                 "x":608,
                 "y":256
                }, 
                {
                 "gid":91,
                 "height":32,
                 "id":142,
                 "name":"",
                 "rotation":0,
                 "type":"Jidan",
                 "visible":true,
                 "width":32,
                 "x":864,
                 "y":256
                }, 
                {
                 "gid":91,
                 "height":32,
                 "id":143,
                 "name":"",
                 "rotation":0,
                 "type":"Jidan",
                 "visible":true,
                 "width":32,
                 "x":992,
                 "y":256
                }, 
                {
                 "gid":91,
                 "height":32,
                 "id":144,
                 "name":"",
                 "rotation":0,
                 "type":"Jidan",
                 "visible":true,
                 "width":32,
                 "x":1184,
                 "y":224
                }, 
                {
                 "gid":91,
                 "height":32,
                 "id":145,
                 "name":"",
                 "rotation":0,
                 "type":"Jidan",
                 "visible":true,
                 "width":32,
                 "x":1120,
                 "y":256
                }, 
                {
                 "gid":91,
                 "height":32,
                 "id":146,
                 "name":"",
                 "rotation":0,
                 "type":"Jidan",
                 "visible":true,
                 "width":32,
                 "x":1472,
                 "y":224
                }, 
                {
                 "gid":91,
                 "height":32,
                 "id":150,
                 "name":"",
                 "rotation":0,
                 "type":"Jidan",
                 "visible":true,
                 "width":32,
                 "x":1408,
                 "y":256
                }, 
                {
                 "gid":16,
                 "height":32,
                 "id":151,
                 "name":"",
                 "properties":[
                        {
                         "name":"enemyType",
                         "type":"string",
                         "value":"floatingBug"
                        }, 
                        {
                         "name":"orientation",
                         "type":"string",
                         "value":"left"
                        }],
                 "rotation":0,
                 "type":"EnemySpawn",
                 "visible":true,
                 "width":32,
                 "x":1472,
                 "y":128
                }, 
                {
                 "gid":91,
                 "height":32,
                 "id":153,
                 "name":"",
                 "rotation":0,
                 "type":"Jidan",
                 "visible":true,
                 "width":32,
                 "x":1344,
                 "y":256
                }, 
                {
                 "gid":91,
                 "height":32,
                 "id":154,
                 "name":"",
                 "rotation":0,
                 "type":"Jidan",
                 "visible":true,
                 "width":32,
                 "x":1536,
                 "y":224
                }],
         "opacity":1,
         "type":"objectgroup",
         "visible":true,
         "x":0,
         "y":0
        }],
 "nextlayerid":13,
 "nextobjectid":155,
 "orientation":"orthogonal",
 "renderorder":"right-down",
 "tiledversion":"1.2.4",
 "tileheight":32,
 "tilesets":[
        {
         "firstgid":1,
         "source":"..\/tiles\/World1.tsx"
        }, 
        {
         "columns":6,
         "firstgid":136,
         "image":"..\/..\/..\/your-guide-to-the-afterlife\/lib\/images\/ObjectTileSet.png",
         "imageheight":96,
         "imagewidth":192,
         "margin":0,
         "name":"ObjectTileSet",
         "spacing":0,
         "tilecount":18,
         "tileheight":32,
         "tilewidth":32
        }],
 "tilewidth":32,
 "type":"map",
 "version":1.2,
 "width":55
}