{ "height":15,
 "infinite":false,
 "layers":[
        {
         "data":[3, 3, 3, 3, 3, 3, 3, 3, 3, 3, 3, 3, 3, 3, 3, 3, 3, 3, 3, 3, 3, 3, 3, 3, 3, 3, 3, 3, 3, 3, 3, 3, 3, 3, 3, 3, 3, 3, 3, 3, 3, 3, 3, 3, 3, 3, 3, 3, 3, 3, 3, 3, 3, 3, 3, 3, 3, 3, 3, 3, 3, 3, 3, 3, 3, 3, 3, 3, 3, 3, 3, 3, 3, 3, 3, 3, 3, 3, 3, 3, 3, 3, 3, 3, 3, 3, 3, 3, 3, 3, 3, 3, 3, 3, 3, 3, 3, 3, 3, 3, 3, 3, 3, 3, 3, 3, 3, 3, 3, 3, 3, 3, 3, 3, 3, 3, 3, 3, 3, 3, 3, 3, 3, 3, 3, 3, 3, 3, 3, 3, 3, 3, 3, 3, 3, 3, 3, 3, 3, 3, 3, 3, 3, 3, 3, 3, 3, 3, 3, 3, 3, 3, 3, 3, 3, 3, 3, 3, 3, 3, 3, 3, 3, 3, 3, 3, 3, 3, 3, 3, 3, 3, 3, 3, 3, 3, 3, 3, 3, 3, 3, 3, 3, 3, 3, 3, 3, 3, 3, 3, 3, 3, 3, 3, 3, 3, 3, 3, 3, 3, 3, 3, 3, 3, 3, 3, 3, 3, 3, 3, 3, 3, 3, 3, 3, 3, 3, 3, 3, 3, 3, 3, 3, 3, 3, 3, 3, 3, 3, 3, 3, 3, 3, 3, 3, 3, 3, 3, 3, 3, 3, 3, 3, 3, 3, 3, 3, 3, 3, 3, 3, 3, 3, 3, 3, 3, 3, 3, 3, 3, 3, 3, 3, 3, 3, 32, 33, 34, 3, 3, 3, 3, 3, 3, 3, 3, 3, 3, 3, 3, 3, 3, 3, 3, 3, 3, 3, 3, 3, 3, 3, 3, 3, 3, 3, 3, 3, 3, 3, 3, 3, 3, 3, 3, 3, 3, 3, 3, 3, 3, 3, 3, 3, 47, 48, 49, 3, 3, 3, 3, 3, 3, 3, 3, 3, 3, 3, 3, 3, 3, 3, 3, 3, 3, 3, 3, 3, 3, 3, 3, 3, 3, 3, 3, 3, 3, 3, 3, 3, 3, 3, 3, 3, 3, 3, 3, 3, 3, 3, 3, 3, 47, 48, 49, 3, 3, 3, 3, 3, 3, 3, 3, 3, 3, 3, 3, 3, 3, 3, 3, 3, 3, 3, 3, 3, 3, 3, 3, 3, 3, 3, 3, 3, 3, 3, 3, 3, 3, 3, 3, 3, 3, 3, 3, 3, 32, 33, 33, 33, 79, 48, 49, 3, 3, 3, 3, 3, 3, 3, 32, 33, 33, 33, 33, 33, 34, 3, 3, 3, 3, 3, 3, 3, 3, 3, 3, 32, 33, 33, 33, 78, 78, 78, 34, 3, 3, 3, 3, 3, 3, 3, 3, 3, 47, 48, 48, 48, 48, 48, 49, 3, 3, 3, 3, 3, 3, 3, 47, 48, 48, 48, 48, 48, 49, 3, 3, 3, 3, 3, 3, 3, 3, 3, 3, 62, 63, 63, 63, 63, 63, 48, 77, 78, 78, 78, 78, 78, 78, 34, 3, 3, 62, 63, 63, 63, 63, 48, 77, 78, 78, 78, 78, 34, 3, 3, 62, 63, 63, 63, 63, 63, 64, 3, 3, 3, 3, 3, 3, 3, 3, 3, 3, 3, 3, 3, 3, 3, 3, 62, 63, 63, 48, 48, 48, 48, 48, 49, 3, 3, 3, 3, 3, 3, 3, 47, 48, 48, 48, 48, 48, 49, 3, 3, 3, 3, 3, 3, 3, 3, 3, 3, 3, 67, 3, 3, 3, 3, 3, 3, 3, 3, 3, 3, 3, 3, 3, 3, 3, 3, 62, 63, 63, 63, 63, 64, 3, 3, 3, 3, 3, 3, 3, 47, 48, 63, 63, 63, 63, 64, 3, 3, 3, 3, 3, 3, 3, 3, 3, 3, 3, 3, 3, 3, 3, 3, 3, 3, 3, 3, 3, 3, 3, 3, 3, 3, 3, 3, 3, 3, 3, 3, 3, 3, 3, 3, 3, 3, 3, 3, 3, 62, 64, 3, 3, 3, 3, 3, 3, 3, 3, 3, 3, 3, 3, 3, 3, 3, 3, 3, 3, 3, 3, 3, 3, 3, 3, 3, 3, 3, 3, 3, 3, 3, 3, 3, 3, 3, 3, 3, 3, 3, 3, 3, 3, 3, 3, 3, 3, 3, 3, 3, 3, 3, 3, 3, 3, 3, 3, 3, 3, 3, 3, 3, 3, 3, 3, 3, 3, 3, 3],
         "height":15,
         "id":12,
         "name":"Tile Layer 1",
         "opacity":1,
         "type":"tilelayer",
         "visible":true,
         "width":48,
         "x":0,
         "y":0
        }, 
        {
         "draworder":"topdown",
         "id":3,
         "name":"Object Layer 1",
         "objects":[
                {
                 "gid":2,
                 "height":32,
                 "id":10,
                 "name":"",
                 "properties":[
                        {
                         "name":"type",
                         "type":"string",
                         "value":"LevelSpawn"
                        }],
                 "rotation":0,
                 "type":"",
                 "visible":true,
                 "width":32,
                 "x":160,
                 "y":288
                }, 
                {
                 "gid":61,
                 "height":32,
                 "id":82,
                 "name":"",
                 "properties":[
                        {
                         "name":"enemyType",
                         "type":"string",
                         "value":"dustBunny"
                        }, 
                        {
                         "name":"orientation",
                         "type":"string",
                         "value":"left"
                        }],
                 "rotation":0,
                 "type":"EnemySpawn",
                 "visible":true,
                 "width":32,
                 "x":512,
                 "y":320
                }, 
                {
                 "gid":91,
                 "height":32,
                 "id":100,
                 "name":"",
                 "rotation":0,
                 "type":"Jidan",
                 "visible":true,
                 "width":32,
                 "x":416,
                 "y":320
                }, 
                {
                 "gid":2,
                 "height":32,
                 "id":132,
                 "name":"",
                 "properties":[
                        {
                         "name":"destination",
                         "type":"string",
                         "value":"Stage_2_4"
                        }],
                 "rotation":0,
                 "type":"Transition",
                 "visible":true,
                 "width":32,
                 "x":1408,
                 "y":352
                }, 
                {
                 "gid":4,
                 "height":32,
                 "id":133,
                 "name":"",
                 "rotation":0,
                 "type":"NPCWall",
                 "visible":true,
                 "width":32,
                 "x":608,
                 "y":320
                }, 
                {
                 "gid":4,
                 "height":32,
                 "id":134,
                 "name":"",
                 "rotation":0,
                 "type":"NPCWall",
                 "visible":true,
                 "width":32,
                 "x":640,
                 "y":256
                }, 
                {
                 "gid":4,
                 "height":32,
                 "id":135,
                 "name":"",
                 "rotation":0,
                 "type":"NPCWall",
                 "visible":true,
                 "width":32,
                 "x":768,
                 "y":160
                }, 
                {
                 "gid":4,
                 "height":32,
                 "id":136,
                 "name":"",
                 "rotation":0,
                 "type":"NPCWall",
                 "visible":true,
                 "width":32,
                 "x":896,
                 "y":160
                }, 
                {
                 "gid":61,
                 "height":32,
                 "id":137,
                 "name":"",
                 "properties":[
                        {
                         "name":"enemyType",
                         "type":"string",
                         "value":"dustBunny"
                        }, 
                        {
                         "name":"orientation",
                         "type":"string",
                         "value":"right"
                        }],
                 "rotation":0,
                 "type":"EnemySpawn",
                 "visible":true,
                 "width":32,
                 "x":736,
                 "y":256
                }, 
                {
                 "gid":61,
                 "height":32,
                 "id":138,
                 "name":"",
                 "properties":[
                        {
                         "name":"enemyType",
                         "type":"string",
                         "value":"dustBunny"
                        }, 
                        {
                         "name":"orientation",
                         "type":"string",
                         "value":"left"
                        }],
                 "rotation":0,
                 "type":"EnemySpawn",
                 "visible":true,
                 "width":32,
                 "x":832,
                 "y":160
                }, 
                {
                 "gid":4,
                 "height":32,
                 "id":139,
                 "name":"",
                 "rotation":0,
                 "type":"NPCWall",
                 "visible":true,
                 "width":32,
                 "x":1056,
                 "y":320
                }, 
                {
                 "gid":61,
                 "height":32,
                 "id":140,
                 "name":"",
                 "properties":[
                        {
                         "name":"enemyType",
                         "type":"string",
                         "value":"dustBunny"
                        }, 
                        {
                         "name":"orientation",
                         "type":"string",
                         "value":"left"
                        }],
                 "rotation":0,
                 "type":"EnemySpawn",
                 "visible":true,
                 "width":32,
                 "x":896,
                 "y":320
                }, 
                {
                 "gid":4,
                 "height":32,
                 "id":141,
                 "name":"",
                 "rotation":0,
                 "type":"NPCWall",
                 "visible":true,
                 "width":32,
                 "x":1088,
                 "y":256
                }, 
                {
                 "gid":4,
                 "height":32,
                 "id":142,
                 "name":"",
                 "rotation":0,
                 "type":"NPCWall",
                 "visible":true,
                 "width":32,
                 "x":1344,
                 "y":256
                }, 
                {
                 "gid":61,
                 "height":32,
                 "id":143,
                 "name":"",
                 "properties":[
                        {
                         "name":"enemyType",
                         "type":"string",
                         "value":"dustBunny"
                        }, 
                        {
                         "name":"orientation",
                         "type":"string",
                         "value":"right"
                        }],
                 "rotation":0,
                 "type":"EnemySpawn",
                 "visible":true,
                 "width":32,
                 "x":1152,
                 "y":256
                }, 
                {
                 "gid":61,
                 "height":32,
                 "id":144,
                 "name":"",
                 "properties":[
                        {
                         "name":"enemyType",
                         "type":"string",
                         "value":"dustBunny"
                        }, 
                        {
                         "name":"orientation",
                         "type":"string",
                         "value":"left"
                        }],
                 "rotation":0,
                 "type":"EnemySpawn",
                 "visible":true,
                 "width":32,
                 "x":1280,
                 "y":256
                }, 
                {
                 "gid":91,
                 "height":32,
                 "id":145,
                 "name":"",
                 "rotation":0,
                 "type":"Jidan",
                 "visible":true,
                 "width":32,
                 "x":576,
                 "y":320
                }, 
                {
                 "gid":91,
                 "height":32,
                 "id":146,
                 "name":"",
                 "rotation":0,
                 "type":"Jidan",
                 "visible":true,
                 "width":32,
                 "x":672,
                 "y":256
                }, 
                {
                 "gid":91,
                 "height":32,
                 "id":147,
                 "name":"",
                 "rotation":0,
                 "type":"Jidan",
                 "visible":true,
                 "width":32,
                 "x":832,
                 "y":128
                }, 
                {
                 "gid":91,
                 "height":32,
                 "id":148,
                 "name":"",
                 "rotation":0,
                 "type":"Jidan",
                 "visible":true,
                 "width":32,
                 "x":928,
                 "y":320
                }, 
                {
                 "gid":91,
                 "height":32,
                 "id":149,
                 "name":"",
                 "rotation":0,
                 "type":"Jidan",
                 "visible":true,
                 "width":32,
                 "x":1024,
                 "y":320
                }, 
                {
                 "gid":91,
                 "height":32,
                 "id":150,
                 "name":"",
                 "rotation":0,
                 "type":"Jidan",
                 "visible":true,
                 "width":32,
                 "x":1120,
                 "y":256
                }, 
                {
                 "gid":91,
                 "height":32,
                 "id":151,
                 "name":"",
                 "rotation":0,
                 "type":"Jidan",
                 "visible":true,
                 "width":32,
                 "x":1216,
                 "y":256
                }, 
                {
                 "gid":91,
                 "height":32,
                 "id":152,
                 "name":"",
                 "rotation":0,
                 "type":"Jidan",
                 "visible":true,
                 "width":32,
                 "x":1312,
                 "y":256
                }, 
                {
                 "gid":91,
                 "height":32,
                 "id":153,
                 "name":"",
                 "rotation":0,
                 "type":"Jidan",
                 "visible":true,
                 "width":32,
                 "x":768,
                 "y":256
                }, 
                {
                 "gid":91,
                 "height":32,
                 "id":154,
                 "name":"",
                 "rotation":0,
                 "type":"Jidan",
                 "visible":true,
                 "width":32,
                 "x":288,
                 "y":288
                }],
         "opacity":1,
         "type":"objectgroup",
         "visible":true,
         "x":0,
         "y":0
        }],
 "nextlayerid":13,
 "nextobjectid":156,
 "orientation":"orthogonal",
 "renderorder":"right-down",
 "tiledversion":"1.2.4",
 "tileheight":32,
 "tilesets":[
        {
         "firstgid":1,
         "source":"..\/tiles\/World1.tsx"
        }, 
        {
         "columns":6,
         "firstgid":136,
         "image":"..\/..\/..\/your-guide-to-the-afterlife\/lib\/images\/ObjectTileSet.png",
         "imageheight":96,
         "imagewidth":192,
         "margin":0,
         "name":"ObjectTileSet",
         "spacing":0,
         "tilecount":18,
         "tileheight":32,
         "tilewidth":32
        }],
 "tilewidth":32,
 "type":"map",
 "version":1.2,
 "width":48
}