{ "height":32,
 "infinite":false,
 "layers":[
        {
         "data":[3, 3, 3, 3, 3, 3, 3, 3, 3, 3, 3, 3, 3, 3, 3, 3, 3, 3, 3, 3, 3, 3, 3, 3, 3, 3, 3, 3, 3, 3, 3, 3, 3, 3, 3, 3, 3, 3, 3, 3, 3, 3, 3, 3, 3, 3, 3, 3, 3, 3, 3, 3, 3, 3, 3, 3, 3, 3, 3, 3, 3, 3, 3, 3, 3, 3, 3, 3, 3, 3, 3, 3, 3, 3, 3, 3, 3, 3, 3, 3, 3, 3, 3, 3, 3, 3, 3, 3, 3, 3, 3, 3, 3, 3, 3, 3, 3, 3, 3, 3, 3, 3, 3, 3, 3, 3, 3, 3, 3, 3, 3, 3, 3, 3, 3, 3, 3, 3, 3, 3, 3, 3, 3, 3, 3, 3, 3, 3, 3, 3, 3, 3, 3, 3, 3, 3, 3, 67, 3, 3, 3, 3, 3, 3, 3, 3, 3, 3, 3, 3, 3, 3, 3, 3, 3, 3, 3, 3, 3, 3, 3, 3, 3, 3, 3, 3, 3, 3, 3, 3, 3, 3, 3, 3, 3, 3, 3, 3, 3, 3, 3, 3, 3, 3, 3, 3, 3, 3, 3, 3, 3, 3, 3, 3, 3, 3, 3, 3, 3, 3, 3, 3, 3, 3, 3, 3, 3, 3, 3, 3, 3, 3, 3, 3, 3, 3, 3, 3, 3, 3, 3, 3, 3, 3, 3, 3, 3, 3, 3, 3, 3, 3, 3, 3, 3, 3, 3, 3, 3, 3, 3, 3, 3, 3, 3, 3, 3, 3, 3, 3, 3, 3, 3, 3, 3, 3, 3, 3, 3, 3, 3, 3, 3, 3, 3, 3, 3, 3, 3, 3, 3, 3, 3, 3, 3, 3, 3, 3, 3, 3, 3, 3, 3, 3, 3, 3, 3, 3, 3, 3, 3, 3, 67, 3, 3, 3, 32, 34, 3, 3, 3, 3, 3, 65, 3, 3, 3, 3, 3, 3, 3, 3, 3, 3, 3, 3, 3, 3, 3, 3, 3, 3, 3, 3, 3, 3, 3, 3, 62, 77, 33, 78, 33, 33, 79, 49, 3, 3, 3, 3, 3, 3, 3, 3, 3, 3, 3, 3, 3, 3, 3, 3, 3, 3, 3, 3, 3, 3, 3, 3, 3, 62, 63, 63, 63, 63, 48, 49, 3, 3, 3, 3, 3, 3, 3, 3, 3, 3, 3, 3, 3, 3, 3, 3, 3, 3, 3, 3, 3, 3, 3, 3, 3, 3, 3, 3, 3, 3, 47, 49, 3, 3, 3, 3, 3, 3, 3, 3, 3, 3, 3, 3, 3, 3, 3, 3, 3, 3, 3, 3, 3, 3, 3, 3, 3, 3, 3, 3, 3, 3, 62, 49, 3, 3, 3, 3, 3, 3, 3, 3, 3, 3, 3, 3, 3, 3, 3, 3, 3, 3, 3, 3, 3, 3, 3, 3, 3, 3, 3, 3, 3, 3, 3, 47, 77, 33, 33, 34, 3, 3, 3, 3, 3, 3, 3, 3, 3, 3, 3, 3, 3, 3, 3, 3, 3, 3, 3, 3, 3, 3, 3, 3, 3, 3, 3, 62, 63, 63, 48, 49, 3, 3, 3, 3, 3, 3, 3, 3, 3, 3, 3, 3, 3, 3, 3, 3, 3, 3, 3, 3, 3, 3, 32, 33, 34, 3, 3, 3, 3, 3, 47, 49, 3, 3, 3, 3, 3, 3, 3, 3, 3, 3, 3, 3, 3, 3, 3, 3, 3, 3, 3, 3, 3, 3, 47, 63, 49, 3, 3, 3, 3, 3, 47, 49, 3, 3, 3, 3, 3, 3, 3, 3, 3, 3, 3, 3, 3, 3, 3, 3, 3, 3, 3, 3, 3, 3, 81, 3, 81, 3, 3, 3, 3, 3, 62, 64, 3, 3, 3, 3, 3, 3, 3, 3, 3, 3, 3, 3, 3, 3, 3, 3, 3, 3, 3, 3, 3, 3, 81, 3, 81, 3, 3, 3, 3, 3, 3, 3, 3, 3, 3, 3, 3, 3, 3, 3, 3, 3, 3, 3, 3, 3, 3, 3, 3, 3, 3, 3, 3, 3, 81, 3, 47, 77, 33, 33, 33, 34, 3, 3, 32, 33, 33, 33, 34, 3, 3, 3, 3, 3, 3, 3, 3, 3, 3, 3, 3, 67, 3, 3, 3, 3, 66, 3, 62, 63, 63, 63, 63, 49, 3, 3, 62, 48, 48, 48, 64, 3, 3, 3, 3, 3, 3, 3, 3, 3, 3, 3, 3, 3, 3, 3, 3, 3, 3, 3, 3, 3, 3, 3, 3, 81, 3, 3, 3, 62, 48, 64, 3, 3, 3, 3, 3, 3, 3, 3, 3, 3, 3, 3, 3, 3, 3, 3, 3, 3, 3, 3, 3, 3, 3, 3, 3, 81, 3, 3, 3, 3, 81, 3, 3, 3, 3, 3, 3, 3, 3, 3, 3, 3, 3, 3, 3, 3, 3, 3, 3, 3, 3, 3, 3, 3, 3, 3, 3, 81, 3, 3, 3, 3, 81, 3, 3, 3, 3, 3, 3, 3, 3, 3, 3, 3, 3, 3, 3, 3, 3, 3, 3, 3, 3, 3, 3, 32, 33, 33, 79, 49, 3, 3, 3, 3, 81, 3, 3, 3, 3, 3, 3, 3, 3, 3, 3, 3, 3, 3, 3, 3, 3, 3, 3, 3, 67, 3, 3, 62, 48, 48, 48, 64, 3, 3, 3, 3, 81, 3, 3, 3, 3, 3, 3, 3, 3, 3, 3, 3, 3, 3, 3, 3, 3, 3, 3, 3, 3, 3, 3, 3, 62, 48, 64, 3, 3, 3, 3, 3, 81, 3, 3, 3, 3, 3, 3, 3, 3, 3, 3, 3, 3, 3, 3, 3, 3, 3, 3, 3, 3, 3, 3, 3, 3, 81, 3, 3, 3, 3, 3, 3, 81, 3, 3, 3, 3, 3, 3, 3, 3, 3, 3, 3, 3, 3, 3, 3, 3, 3, 3, 3, 3, 3, 3, 3, 3, 81, 3, 3, 3, 3, 3, 3, 81, 3, 3, 3, 3, 3, 3, 3, 3, 3, 3, 3, 3, 3, 3, 3, 3, 3, 3, 3, 3, 3, 3, 3, 3, 81, 3, 3, 3, 3, 3, 3, 81, 3, 3, 3, 3, 3, 3, 3, 3, 3, 3, 3, 3, 3, 3, 3, 3, 3, 3, 3, 3, 3, 3, 3, 3, 81, 3, 3, 3, 3, 3, 3, 81, 3, 3, 3, 3, 3, 3, 3, 3, 3],
         "height":32,
         "id":12,
         "name":"Tile Layer 1",
         "opacity":1,
         "type":"tilelayer",
         "visible":true,
         "width":32,
         "x":0,
         "y":0
        }, 
        {
         "draworder":"topdown",
         "id":3,
         "name":"Object Layer 1",
         "objects":[
                {
                 "gid":2,
                 "height":32,
                 "id":10,
                 "name":"",
                 "properties":[
                        {
                         "name":"type",
                         "type":"string",
                         "value":"LevelSpawn"
                        }],
                 "rotation":0,
                 "type":"",
                 "visible":true,
                 "width":32,
                 "x":128,
                 "y":288
                }, 
                {
                 "gid":76,
                 "height":32,
                 "id":40,
                 "name":"",
                 "properties":[
                        {
                         "name":"enemyType",
                         "type":"string",
                         "value":"flyingBat"
                        }, 
                        {
                         "name":"horizontal",
                         "type":"string",
                         "value":"false"
                        }, 
                        {
                         "name":"orientation",
                         "type":"string",
                         "value":"left"
                        }, 
                        {
                         "name":"startDirection",
                         "type":"string",
                         "value":"up"
                        }],
                 "rotation":0,
                 "type":"EnemySpawn",
                 "visible":true,
                 "width":32,
                 "x":288,
                 "y":224
                }, 
                {
                 "gid":16,
                 "height":32,
                 "id":78,
                 "name":"",
                 "properties":[
                        {
                         "name":"enemyType",
                         "type":"string",
                         "value":"floatingBug"
                        }, 
                        {
                         "name":"orientation",
                         "type":"string",
                         "value":"right"
                        }],
                 "rotation":0,
                 "type":"EnemySpawn",
                 "visible":true,
                 "width":32,
                 "x":480,
                 "y":256
                }, 
                {
                 "gid":61,
                 "height":32,
                 "id":82,
                 "name":"",
                 "properties":[
                        {
                         "name":"enemyType",
                         "type":"string",
                         "value":"dustBunny"
                        }, 
                        {
                         "name":"orientation",
                         "type":"string",
                         "value":"left"
                        }],
                 "rotation":0,
                 "type":"EnemySpawn",
                 "visible":true,
                 "width":32,
                 "x":384,
                 "y":320
                }, 
                {
                 "gid":91,
                 "height":32,
                 "id":100,
                 "name":"",
                 "rotation":0,
                 "type":"Jidan",
                 "visible":true,
                 "width":32,
                 "x":192,
                 "y":256
                }, 
                {
                 "gid":2,
                 "height":32,
                 "id":132,
                 "name":"",
                 "properties":[
                        {
                         "name":"destination",
                         "type":"string",
                         "value":"Stage_3_9"
                        }],
                 "rotation":0,
                 "type":"Transition",
                 "visible":true,
                 "width":32,
                 "x":480,
                 "y":768
                }, 
                {
                 "gid":4,
                 "height":32,
                 "id":133,
                 "name":"",
                 "rotation":0,
                 "type":"NPCWall",
                 "visible":true,
                 "width":32,
                 "x":640,
                 "y":448
                }, 
                {
                 "gid":4,
                 "height":32,
                 "id":134,
                 "name":"",
                 "rotation":0,
                 "type":"NPCWall",
                 "visible":true,
                 "width":32,
                 "x":800,
                 "y":640
                }, 
                {
                 "gid":4,
                 "height":32,
                 "id":135,
                 "name":"",
                 "rotation":0,
                 "type":"NPCWall",
                 "visible":true,
                 "width":32,
                 "x":608,
                 "y":640
                }, 
                {
                 "gid":4,
                 "height":32,
                 "id":136,
                 "name":"",
                 "rotation":0,
                 "type":"NPCWall",
                 "visible":true,
                 "width":32,
                 "x":576,
                 "y":640
                }, 
                {
                 "gid":61,
                 "height":32,
                 "id":137,
                 "name":"",
                 "properties":[
                        {
                         "name":"enemyType",
                         "type":"string",
                         "value":"dustBunny"
                        }, 
                        {
                         "name":"orientation",
                         "type":"string",
                         "value":"left"
                        }],
                 "rotation":0,
                 "type":"EnemySpawn",
                 "visible":true,
                 "width":32,
                 "x":512,
                 "y":448
                }, 
                {
                 "gid":61,
                 "height":32,
                 "id":138,
                 "name":"",
                 "properties":[
                        {
                         "name":"enemyType",
                         "type":"string",
                         "value":"dustBunny"
                        }, 
                        {
                         "name":"orientation",
                         "type":"string",
                         "value":"left"
                        }],
                 "rotation":0,
                 "type":"EnemySpawn",
                 "visible":true,
                 "width":32,
                 "x":704,
                 "y":640
                }, 
                {
                 "gid":61,
                 "height":32,
                 "id":139,
                 "name":"",
                 "properties":[
                        {
                         "name":"enemyType",
                         "type":"string",
                         "value":"dustBunny"
                        }, 
                        {
                         "name":"orientation",
                         "type":"string",
                         "value":"right"
                        }],
                 "rotation":0,
                 "type":"EnemySpawn",
                 "visible":true,
                 "width":32,
                 "x":512,
                 "y":640
                }, 
                {
                 "gid":61,
                 "height":32,
                 "id":141,
                 "name":"",
                 "properties":[
                        {
                         "name":"enemyType",
                         "type":"string",
                         "value":"dustBunny"
                        }, 
                        {
                         "name":"orientation",
                         "type":"string",
                         "value":"right"
                        }],
                 "rotation":0,
                 "type":"EnemySpawn",
                 "visible":true,
                 "width":32,
                 "x":352,
                 "y":512
                }, 
                {
                 "gid":76,
                 "height":32,
                 "id":142,
                 "name":"",
                 "properties":[
                        {
                         "name":"enemyType",
                         "type":"string",
                         "value":"flyingBat"
                        }, 
                        {
                         "name":"horizontal",
                         "type":"string",
                         "value":"true"
                        }, 
                        {
                         "name":"orientation",
                         "type":"string",
                         "value":"left"
                        }, 
                        {
                         "name":"startDirection",
                         "type":"string",
                         "value":"right"
                        }],
                 "rotation":0,
                 "type":"EnemySpawn",
                 "visible":true,
                 "width":32,
                 "x":224,
                 "y":704
                }, 
                {
                 "gid":76,
                 "height":32,
                 "id":143,
                 "name":"",
                 "properties":[
                        {
                         "name":"enemyType",
                         "type":"string",
                         "value":"flyingBat"
                        }, 
                        {
                         "name":"horizontal",
                         "type":"string",
                         "value":"false"
                        }, 
                        {
                         "name":"orientation",
                         "type":"string",
                         "value":"left"
                        }, 
                        {
                         "name":"startDirection",
                         "type":"string",
                         "value":"down"
                        }],
                 "rotation":0,
                 "type":"EnemySpawn",
                 "visible":true,
                 "width":32,
                 "x":320,
                 "y":768
                }, 
                {
                 "gid":91,
                 "height":32,
                 "id":144,
                 "name":"",
                 "rotation":0,
                 "type":"Jidan",
                 "visible":true,
                 "width":32,
                 "x":256,
                 "y":256
                }, 
                {
                 "gid":91,
                 "height":32,
                 "id":145,
                 "name":"",
                 "rotation":0,
                 "type":"Jidan",
                 "visible":true,
                 "width":32,
                 "x":320,
                 "y":224
                }, 
                {
                 "gid":91,
                 "height":32,
                 "id":146,
                 "name":"",
                 "rotation":0,
                 "type":"Jidan",
                 "visible":true,
                 "width":32,
                 "x":352,
                 "y":256
                }, 
                {
                 "gid":91,
                 "height":32,
                 "id":147,
                 "name":"",
                 "rotation":0,
                 "type":"Jidan",
                 "visible":true,
                 "width":32,
                 "x":384,
                 "y":288
                }, 
                {
                 "gid":91,
                 "height":32,
                 "id":148,
                 "name":"",
                 "rotation":0,
                 "type":"Jidan",
                 "visible":true,
                 "width":32,
                 "x":416,
                 "y":256
                }, 
                {
                 "gid":91,
                 "height":32,
                 "id":149,
                 "name":"",
                 "rotation":0,
                 "type":"Jidan",
                 "visible":true,
                 "width":32,
                 "x":512,
                 "y":224
                }, 
                {
                 "gid":91,
                 "height":32,
                 "id":150,
                 "name":"",
                 "rotation":0,
                 "type":"Jidan",
                 "visible":true,
                 "width":32,
                 "x":576,
                 "y":256
                }, 
                {
                 "gid":91,
                 "height":32,
                 "id":151,
                 "name":"",
                 "rotation":0,
                 "type":"Jidan",
                 "visible":true,
                 "width":32,
                 "x":576,
                 "y":320
                }, 
                {
                 "gid":91,
                 "height":32,
                 "id":152,
                 "name":"",
                 "rotation":0,
                 "type":"Jidan",
                 "visible":true,
                 "width":32,
                 "x":576,
                 "y":384
                }, 
                {
                 "gid":91,
                 "height":32,
                 "id":154,
                 "name":"",
                 "rotation":0,
                 "type":"Jidan",
                 "visible":true,
                 "width":32,
                 "x":608,
                 "y":416
                }, 
                {
                 "gid":91,
                 "height":32,
                 "id":155,
                 "name":"",
                 "rotation":0,
                 "type":"Jidan",
                 "visible":true,
                 "width":32,
                 "x":672,
                 "y":480
                }, 
                {
                 "gid":91,
                 "height":32,
                 "id":156,
                 "name":"",
                 "rotation":0,
                 "type":"Jidan",
                 "visible":true,
                 "width":32,
                 "x":672,
                 "y":576
                }, 
                {
                 "gid":91,
                 "height":32,
                 "id":157,
                 "name":"",
                 "rotation":0,
                 "type":"Jidan",
                 "visible":true,
                 "width":32,
                 "x":640,
                 "y":640
                }, 
                {
                 "gid":91,
                 "height":32,
                 "id":158,
                 "name":"",
                 "rotation":0,
                 "type":"Jidan",
                 "visible":true,
                 "width":32,
                 "x":608,
                 "y":640
                }, 
                {
                 "gid":91,
                 "height":32,
                 "id":159,
                 "name":"",
                 "rotation":0,
                 "type":"Jidan",
                 "visible":true,
                 "width":32,
                 "x":576,
                 "y":640
                }, 
                {
                 "gid":91,
                 "height":32,
                 "id":160,
                 "name":"",
                 "rotation":0,
                 "type":"Jidan",
                 "visible":true,
                 "width":32,
                 "x":544,
                 "y":640
                }, 
                {
                 "gid":91,
                 "height":32,
                 "id":161,
                 "name":"",
                 "rotation":0,
                 "type":"Jidan",
                 "visible":true,
                 "width":32,
                 "x":512,
                 "y":608
                }, 
                {
                 "gid":91,
                 "height":32,
                 "id":162,
                 "name":"",
                 "rotation":0,
                 "type":"Jidan",
                 "visible":true,
                 "width":32,
                 "x":480,
                 "y":640
                }, 
                {
                 "gid":91,
                 "height":32,
                 "id":163,
                 "name":"",
                 "rotation":0,
                 "type":"Jidan",
                 "visible":true,
                 "width":32,
                 "x":416,
                 "y":640
                }, 
                {
                 "gid":91,
                 "height":32,
                 "id":164,
                 "name":"",
                 "rotation":0,
                 "type":"Jidan",
                 "visible":true,
                 "width":32,
                 "x":416,
                 "y":576
                }, 
                {
                 "gid":91,
                 "height":32,
                 "id":165,
                 "name":"",
                 "rotation":0,
                 "type":"Jidan",
                 "visible":true,
                 "width":32,
                 "x":416,
                 "y":512
                }, 
                {
                 "gid":91,
                 "height":32,
                 "id":166,
                 "name":"",
                 "rotation":0,
                 "type":"Jidan",
                 "visible":true,
                 "width":32,
                 "x":384,
                 "y":512
                }, 
                {
                 "gid":91,
                 "height":32,
                 "id":167,
                 "name":"",
                 "rotation":0,
                 "type":"Jidan",
                 "visible":true,
                 "width":32,
                 "x":352,
                 "y":512
                }, 
                {
                 "gid":91,
                 "height":32,
                 "id":168,
                 "name":"",
                 "rotation":0,
                 "type":"Jidan",
                 "visible":true,
                 "width":32,
                 "x":320,
                 "y":480
                }, 
                {
                 "gid":91,
                 "height":32,
                 "id":169,
                 "name":"",
                 "rotation":0,
                 "type":"Jidan",
                 "visible":true,
                 "width":32,
                 "x":288,
                 "y":480
                }, 
                {
                 "gid":91,
                 "height":32,
                 "id":170,
                 "name":"",
                 "rotation":0,
                 "type":"Jidan",
                 "visible":true,
                 "width":32,
                 "x":256,
                 "y":512
                }, 
                {
                 "gid":91,
                 "height":32,
                 "id":171,
                 "name":"",
                 "rotation":0,
                 "type":"Jidan",
                 "visible":true,
                 "width":32,
                 "x":256,
                 "y":576
                }, 
                {
                 "gid":91,
                 "height":32,
                 "id":172,
                 "name":"",
                 "rotation":0,
                 "type":"Jidan",
                 "visible":true,
                 "width":32,
                 "x":256,
                 "y":672
                }, 
                {
                 "gid":91,
                 "height":32,
                 "id":173,
                 "name":"",
                 "rotation":0,
                 "type":"Jidan",
                 "visible":true,
                 "width":32,
                 "x":256,
                 "y":800
                }, 
                {
                 "gid":91,
                 "height":32,
                 "id":174,
                 "name":"",
                 "rotation":0,
                 "type":"Jidan",
                 "visible":true,
                 "width":32,
                 "x":320,
                 "y":800
                }, 
                {
                 "gid":91,
                 "height":32,
                 "id":175,
                 "name":"",
                 "rotation":0,
                 "type":"Jidan",
                 "visible":true,
                 "width":32,
                 "x":352,
                 "y":768
                }, 
                {
                 "gid":91,
                 "height":32,
                 "id":176,
                 "name":"",
                 "rotation":0,
                 "type":"Jidan",
                 "visible":true,
                 "width":32,
                 "x":416,
                 "y":768
                }, 
                {
                 "gid":4,
                 "height":32,
                 "id":177,
                 "name":"",
                 "rotation":0,
                 "type":"NPCWall",
                 "visible":true,
                 "width":32,
                 "x":416,
                 "y":512
                }, 
                {
                 "gid":4,
                 "height":32,
                 "id":178,
                 "name":"",
                 "rotation":0,
                 "type":"NPCWall",
                 "visible":true,
                 "width":32,
                 "x":288,
                 "y":512
                }],
         "opacity":1,
         "type":"objectgroup",
         "visible":true,
         "x":0,
         "y":0
        }],
 "nextlayerid":13,
 "nextobjectid":179,
 "orientation":"orthogonal",
 "properties":[
        {
         "name":"scoreThresholds",
         "type":"string",
         "value":"1300,1800,2200"
        }],
 "renderorder":"right-down",
 "tiledversion":"1.2.4",
 "tileheight":32,
 "tilesets":[
        {
         "firstgid":1,
         "source":"..\/tiles\/World1.tsx"
        }, 
        {
         "columns":6,
         "firstgid":136,
         "image":"..\/..\/..\/your-guide-to-the-afterlife\/lib\/images\/ObjectTileSet.png",
         "imageheight":96,
         "imagewidth":192,
         "margin":0,
         "name":"ObjectTileSet",
         "spacing":0,
         "tilecount":18,
         "tileheight":32,
         "tilewidth":32
        }],
 "tilewidth":32,
 "type":"map",
 "version":1.2,
 "width":32
}