{ "height":18,
 "infinite":false,
 "layers":[
        {
         "data":[3, 3, 3, 3, 3, 3, 3, 3, 3, 3, 3, 3, 3, 3, 3, 3, 3, 3, 3, 3, 3, 3, 3, 3, 3, 3, 3, 3, 3, 3, 3, 3, 3, 3, 3, 3, 3, 3, 3, 3, 3, 3, 3, 3, 3, 3, 3, 3, 3, 3, 3, 3, 3, 3, 3, 3, 3, 3, 3, 3, 3, 3, 3, 3, 3, 3, 3, 3, 3, 3, 3, 3, 3, 3, 3, 3, 3, 3, 3, 3, 3, 3, 3, 3, 3, 3, 3, 3, 3, 3, 3, 3, 3, 3, 3, 3, 3, 3, 3, 3, 3, 3, 3, 3, 3, 3, 3, 3, 3, 3, 3, 3, 3, 3, 3, 3, 3, 3, 3, 3, 3, 3, 3, 3, 3, 3, 3, 3, 3, 3, 3, 3, 3, 3, 3, 3, 3, 3, 3, 3, 3, 3, 3, 3, 3, 3, 3, 3, 3, 3, 3, 3, 3, 3, 3, 3, 3, 3, 3, 3, 3, 3, 3, 3, 3, 3, 3, 3, 3, 3, 3, 3, 3, 3, 3, 3, 3, 3, 3, 3, 3, 3, 3, 3, 3, 3, 3, 3, 3, 3, 3, 3, 3, 3, 3, 3, 3, 3, 3, 3, 3, 3, 3, 3, 3, 3, 3, 3, 3, 3, 3, 3, 3, 3, 3, 3, 3, 3, 3, 3, 3, 3, 3, 3, 3, 3, 3, 3, 3, 3, 3, 3, 3, 3, 3, 3, 3, 3, 3, 3, 3, 3, 3, 3, 3, 3, 3, 3, 3, 3, 3, 3, 3, 3, 3, 3, 3, 3, 3, 3, 3, 3, 3, 3, 3, 3, 3, 3, 3, 3, 3, 3, 3, 3, 3, 3, 3, 3, 3, 3, 3, 3, 3, 3, 3, 3, 3, 3, 3, 3, 3, 3, 3, 3, 3, 3, 3, 3, 3, 3, 3, 3, 3, 3, 3, 3, 3, 3, 3, 3, 3, 3, 3, 3, 3, 3, 3, 3, 3, 3, 3, 3, 3, 3, 3, 3, 3, 3, 3, 3, 3, 3, 3, 3, 3, 3, 3, 3, 3, 3, 3, 3, 3, 3, 3, 3, 3, 3, 3, 3, 3, 3, 3, 3, 3, 3, 3, 3, 3, 3, 3, 3, 3, 3, 3, 3, 3, 3, 3, 3, 3, 3, 3, 3, 3, 3, 3, 3, 3, 3, 3, 3, 3, 3, 3, 3, 3, 3, 3, 3, 3, 3, 3, 3, 3, 3, 3, 3, 3, 3, 3, 3, 3, 3, 3, 3, 3, 3, 3, 3, 3, 3, 3, 3, 3, 3, 3, 3, 3, 3, 3, 3, 3, 3, 3, 3, 3, 3, 3, 3, 3, 3, 3, 3, 3, 3, 3, 3, 3, 3, 3, 3, 3, 3, 3, 3, 3, 3, 3, 3, 3, 3, 3, 3, 3, 3, 3, 3, 3, 3, 3, 3, 3, 3, 3, 3, 3, 3, 3, 3, 3, 3, 3, 3, 3, 3, 3, 3, 3, 3, 3, 3, 3, 32, 78, 78, 34, 3, 3, 3, 32, 78, 34, 3, 3, 3, 3, 3, 32, 34, 3, 3, 3, 3, 3, 3, 3, 3, 3, 32, 34, 3, 3, 3, 3, 3, 3, 3, 3, 3, 3, 3, 3, 3, 3, 3, 3, 3, 3, 3, 3, 3, 3, 3, 3, 3, 3, 3, 3, 3, 3, 3, 3, 3, 3, 3, 3, 3, 47, 48, 48, 49, 3, 3, 3, 47, 48, 49, 3, 3, 3, 3, 3, 47, 49, 3, 3, 3, 3, 3, 3, 3, 3, 3, 47, 49, 3, 3, 3, 3, 3, 3, 3, 3, 3, 3, 3, 3, 3, 3, 3, 3, 3, 3, 3, 3, 3, 3, 3, 3, 3, 3, 3, 3, 3, 3, 3, 3, 3, 3, 3, 3, 3, 47, 48, 48, 49, 3, 3, 3, 47, 48, 49, 3, 3, 3, 3, 3, 47, 49, 3, 3, 3, 3, 3, 3, 3, 3, 3, 47, 77, 34, 3, 3, 3, 3, 3, 3, 3, 3, 3, 3, 3, 3, 3, 3, 35, 3, 3, 3, 3, 3, 3, 3, 3, 3, 3, 3, 3, 3, 3, 32, 78, 34, 3, 3, 3, 3, 47, 48, 48, 49, 3, 3, 3, 47, 48, 49, 3, 3, 3, 3, 3, 47, 49, 3, 3, 3, 3, 3, 3, 3, 3, 3, 47, 48, 49, 3, 3, 3, 3, 3, 3, 3, 3, 3, 3, 3, 3, 3, 3, 50, 3, 3, 3, 3, 3, 3, 3, 32, 34, 3, 3, 3, 3, 3, 47, 48, 77, 78, 78, 33, 33, 79, 48, 77, 78, 78, 78, 78, 79, 48, 77, 78, 34, 3, 3, 3, 47, 77, 34, 3, 3, 3, 3, 3, 3, 3, 3, 47, 48, 48, 77, 34, 3, 3, 3, 3, 3, 3, 3, 3, 3, 3, 32, 33, 33, 33, 78, 78, 78, 78, 78, 79, 48, 48, 77, 78, 78, 78, 78, 78, 79, 48, 48, 48, 48, 48, 48, 48, 48, 48, 48, 48, 48, 48, 48, 48, 77, 78, 34, 3, 32, 79, 48, 77, 78, 78, 78, 78, 78, 78, 78, 78, 79, 48, 77, 78, 78, 78, 78, 78, 34, 3, 3, 3, 3, 3, 3, 62, 63, 63, 63, 63, 63, 63, 63, 63, 63, 63, 63, 63, 63, 63, 63, 48, 48, 48, 48, 48, 48, 48, 48, 48, 48, 48, 48, 48, 48, 48, 48, 48, 48, 48, 48, 77, 78, 79, 48, 48, 48, 48, 48, 48, 48, 48, 48, 48, 48, 48, 48, 48, 48, 48, 48, 48, 48, 49, 3, 3, 3, 3, 3, 3, 3, 3, 3, 3, 3, 3, 3, 3, 3, 3, 3, 3, 3, 3, 3, 3, 62, 63, 63, 63, 63, 63, 63, 63, 63, 63, 63, 63, 63, 63, 63, 63, 63, 63, 63, 63, 63, 63, 63, 63, 63, 63, 63, 63, 63, 63, 63, 63, 63, 63, 63, 63, 63, 63, 63, 63, 63, 63, 64, 3, 3, 3, 3, 3, 3, 3, 3, 3, 3, 3, 3, 3, 3, 3, 3, 3, 3, 3, 3, 3, 3, 3, 3, 3, 3, 3, 3, 3, 3, 3, 3, 3, 3, 3, 3, 3, 3, 3, 3, 3, 3, 3, 3, 3, 3, 3, 3, 3, 3, 3, 3, 3, 3, 3, 3, 3, 3, 3, 3, 3, 3, 3, 3, 3, 3, 3, 3, 3, 3, 3, 3, 3, 3, 3, 3, 3, 3, 3, 3, 3, 3, 3, 3, 3, 3, 3, 3, 3, 3, 3, 3, 3, 3, 3, 3, 3, 3, 3, 3, 3, 3, 3, 3, 3, 3, 3, 3, 3, 3, 3, 3, 3, 3, 3, 3, 3, 3, 3, 3, 3, 3, 3, 3, 3, 3, 3, 3, 3, 3, 3, 3, 3, 3, 3, 3, 3, 3, 3, 3, 3, 3, 3, 3, 3, 3, 3, 3, 3, 3, 3, 3, 3, 3, 3, 3, 3, 3, 3, 3, 3, 3, 3, 3, 3, 3, 3, 3, 3, 3, 3, 3, 3, 3, 3, 3, 3, 3, 3, 3, 3, 3, 3, 3, 3, 3, 3, 3, 3, 3, 3, 3, 3, 3, 3, 3, 3],
         "height":18,
         "id":14,
         "name":"Tile Layer 1",
         "opacity":1,
         "type":"tilelayer",
         "visible":true,
         "width":65,
         "x":0,
         "y":0
        }, 
        {
         "draworder":"topdown",
         "id":3,
         "name":"Object Layer 1",
         "objects":[
                {
                 "gid":2,
                 "height":32,
                 "id":10,
                 "name":"",
                 "properties":[
                        {
                         "name":"type",
                         "type":"string",
                         "value":"LevelSpawn"
                        }],
                 "rotation":0,
                 "type":"",
                 "visible":true,
                 "width":32,
                 "x":256,
                 "y":384
                }, 
                {
                 "gid":91,
                 "height":32,
                 "id":100,
                 "name":"",
                 "rotation":0,
                 "type":"Jidan",
                 "visible":true,
                 "width":32,
                 "x":448,
                 "y":352
                }, 
                {
                 "gid":91,
                 "height":32,
                 "id":132,
                 "name":"",
                 "rotation":0,
                 "type":"Jidan",
                 "visible":true,
                 "width":32,
                 "x":576,
                 "y":384
                }, 
                {
                 "gid":91,
                 "height":32,
                 "id":133,
                 "name":"",
                 "rotation":0,
                 "type":"Jidan",
                 "visible":true,
                 "width":32,
                 "x":672,
                 "y":320
                }, 
                {
                 "gid":91,
                 "height":32,
                 "id":134,
                 "name":"",
                 "rotation":0,
                 "type":"Jidan",
                 "visible":true,
                 "width":32,
                 "x":800,
                 "y":352
                }, 
                {
                 "gid":91,
                 "height":32,
                 "id":135,
                 "name":"",
                 "rotation":0,
                 "type":"Jidan",
                 "visible":true,
                 "width":32,
                 "x":928,
                 "y":224
                }, 
                {
                 "gid":91,
                 "height":32,
                 "id":136,
                 "name":"",
                 "rotation":0,
                 "type":"Jidan",
                 "visible":true,
                 "width":32,
                 "x":1056,
                 "y":160
                }, 
                {
                 "gid":91,
                 "height":32,
                 "id":137,
                 "name":"",
                 "rotation":0,
                 "type":"Jidan",
                 "visible":true,
                 "width":32,
                 "x":1184,
                 "y":224
                }, 
                {
                 "gid":91,
                 "height":32,
                 "id":138,
                 "name":"",
                 "rotation":0,
                 "type":"Jidan",
                 "visible":true,
                 "width":32,
                 "x":1216,
                 "y":160
                }, 
                {
                 "gid":91,
                 "height":32,
                 "id":139,
                 "name":"",
                 "rotation":0,
                 "type":"Jidan",
                 "visible":true,
                 "width":32,
                 "x":1280,
                 "y":128
                }, 
                {
                 "gid":91,
                 "height":32,
                 "id":140,
                 "name":"",
                 "rotation":0,
                 "type":"Jidan",
                 "visible":true,
                 "width":32,
                 "x":1344,
                 "y":160
                }, 
                {
                 "gid":91,
                 "height":32,
                 "id":141,
                 "name":"",
                 "rotation":0,
                 "type":"Jidan",
                 "visible":true,
                 "width":32,
                 "x":1376,
                 "y":224
                }, 
                {
                 "gid":91,
                 "height":32,
                 "id":142,
                 "name":"",
                 "rotation":0,
                 "type":"Jidan",
                 "visible":true,
                 "width":32,
                 "x":1472,
                 "y":128
                }, 
                {
                 "gid":91,
                 "height":32,
                 "id":143,
                 "name":"",
                 "rotation":0,
                 "type":"Jidan",
                 "visible":true,
                 "width":32,
                 "x":1568,
                 "y":224
                }, 
                {
                 "gid":91,
                 "height":32,
                 "id":144,
                 "name":"",
                 "rotation":0,
                 "type":"Jidan",
                 "visible":true,
                 "width":32,
                 "x":1664,
                 "y":128
                }, 
                {
                 "gid":91,
                 "height":32,
                 "id":145,
                 "name":"",
                 "rotation":0,
                 "type":"Jidan",
                 "visible":true,
                 "width":32,
                 "x":1760,
                 "y":224
                }, 
                {
                 "gid":91,
                 "height":32,
                 "id":147,
                 "name":"",
                 "rotation":0,
                 "type":"Jidan",
                 "visible":true,
                 "width":32,
                 "x":864,
                 "y":288
                }, 
                {
                 "gid":91,
                 "height":32,
                 "id":148,
                 "name":"",
                 "rotation":0,
                 "type":"Jidan",
                 "visible":true,
                 "width":32,
                 "x":864,
                 "y":224
                }, 
                {
                 "gid":91,
                 "height":32,
                 "id":149,
                 "name":"",
                 "rotation":0,
                 "type":"Jidan",
                 "visible":true,
                 "width":32,
                 "x":1824,
                 "y":288
                }, 
                {
                 "gid":91,
                 "height":32,
                 "id":150,
                 "name":"",
                 "rotation":0,
                 "type":"Jidan",
                 "visible":true,
                 "width":32,
                 "x":1888,
                 "y":352
                }, 
                {
                 "gid":91,
                 "height":32,
                 "id":153,
                 "name":"",
                 "rotation":0,
                 "type":"Jidan",
                 "visible":true,
                 "width":32,
                 "x":1440,
                 "y":160
                }, 
                {
                 "gid":91,
                 "height":32,
                 "id":154,
                 "name":"",
                 "rotation":0,
                 "type":"Jidan",
                 "visible":true,
                 "width":32,
                 "x":1536,
                 "y":192
                }, 
                {
                 "gid":91,
                 "height":32,
                 "id":155,
                 "name":"",
                 "rotation":0,
                 "type":"Jidan",
                 "visible":true,
                 "width":32,
                 "x":1632,
                 "y":160
                }, 
                {
                 "gid":91,
                 "height":32,
                 "id":156,
                 "name":"",
                 "rotation":0,
                 "type":"Jidan",
                 "visible":true,
                 "width":32,
                 "x":1696,
                 "y":160
                }, 
                {
                 "gid":91,
                 "height":32,
                 "id":157,
                 "name":"",
                 "rotation":0,
                 "type":"Jidan",
                 "visible":true,
                 "width":32,
                 "x":1600,
                 "y":192
                }, 
                {
                 "gid":91,
                 "height":32,
                 "id":158,
                 "name":"",
                 "rotation":0,
                 "type":"Jidan",
                 "visible":true,
                 "width":32,
                 "x":1504,
                 "y":160
                }, 
                {
                 "gid":91,
                 "height":32,
                 "id":159,
                 "name":"",
                 "rotation":0,
                 "type":"Jidan",
                 "visible":true,
                 "width":32,
                 "x":1728,
                 "y":192
                }, 
                {
                 "gid":91,
                 "height":32,
                 "id":160,
                 "name":"",
                 "rotation":0,
                 "type":"Jidan",
                 "visible":true,
                 "width":32,
                 "x":1408,
                 "y":192
                }, 
                {
                 "gid":2,
                 "height":32,
                 "id":162,
                 "name":"",
                 "properties":[
                        {
                         "name":"destination",
                         "type":"string",
                         "value":"Stage_1_2"
                        }],
                 "rotation":0,
                 "type":"Transition",
                 "visible":true,
                 "width":32,
                 "x":1952,
                 "y":352
                }, 
                {
                 "gid":5,
                 "height":32,
                 "id":164,
                 "name":"",
                 "rotation":0,
                 "type":"TutorialWalk",
                 "visible":true,
                 "width":32,
                 "x":256,
                 "y":288
                }, 
                {
                 "gid":5,
                 "height":32,
                 "id":165,
                 "name":"",
                 "rotation":0,
                 "type":"TutorialJump",
                 "visible":true,
                 "width":32,
                 "x":512,
                 "y":320
                }, 
                {
                 "gid":5,
                 "height":32,
                 "id":166,
                 "name":"",
                 "rotation":0,
                 "type":"TutorialDoubleJump",
                 "visible":true,
                 "width":32,
                 "x":768,
                 "y":224
                }],
         "opacity":1,
         "type":"objectgroup",
         "visible":true,
         "x":0,
         "y":0
        }],
 "nextlayerid":15,
 "nextobjectid":167,
 "orientation":"orthogonal",
 "renderorder":"right-down",
 "tiledversion":"1.2.4",
 "tileheight":32,
 "tilesets":[
        {
         "firstgid":1,
         "source":"..\/tiles\/World1.tsx"
        }],
 "tilewidth":32,
 "type":"map",
 "version":1.2,
 "width":65
}