{ "height":50,
 "infinite":false,
 "layers":[
        {
         "data":[3, 3, 3, 3, 3, 3, 3, 3, 3, 3, 3, 3, 3, 3, 3, 3, 3, 3, 3, 3, 3, 3, 3, 3, 3, 3, 3, 3, 3, 3, 3, 3, 3, 3, 3, 3, 3, 3, 3, 3, 3, 3, 3, 3, 3, 3, 3, 3, 3, 3, 3, 3, 3, 3, 3, 3, 3, 3, 3, 3, 3, 3, 3, 3, 3, 3, 3, 3, 3, 3, 3, 3, 3, 3, 3, 3, 3, 3, 3, 3, 3, 3, 3, 3, 3, 3, 3, 3, 3, 3, 3, 3, 3, 3, 3, 3, 3, 3, 3, 3, 3, 3, 3, 3, 3, 3, 3, 3, 3, 3, 3, 3, 3, 3, 3, 3, 3, 3, 3, 3, 3, 3, 3, 3, 3, 3, 3, 3, 3, 3, 3, 3, 3, 3, 3, 3, 3, 3, 3, 3, 3, 3, 3, 3, 3, 3, 3, 3, 3, 3, 3, 3, 3, 3, 3, 3, 3, 3, 3, 3, 3, 3, 3, 3, 3, 3, 3, 3, 3, 3, 3, 3, 3, 3, 3, 3, 3, 3, 3, 3, 3, 3, 3, 3, 3, 3, 3, 3, 32, 33, 78, 78, 34, 3, 3, 3, 3, 3, 3, 3, 3, 3, 3, 3, 3, 3, 3, 3, 3, 3, 3, 3, 3, 3, 3, 3, 3, 3, 62, 63, 63, 63, 64, 3, 3, 3, 3, 3, 3, 3, 3, 3, 3, 3, 3, 3, 3, 3, 3, 3, 3, 3, 3, 3, 3, 3, 3, 3, 3, 3, 3, 3, 3, 3, 3, 3, 3, 3, 3, 3, 3, 3, 3, 3, 3, 3, 3, 3, 3, 3, 3, 3, 3, 3, 3, 3, 3, 3, 3, 3, 3, 3, 3, 3, 3, 3, 3, 3, 3, 3, 3, 3, 3, 3, 3, 3, 3, 3, 3, 3, 3, 3, 3, 3, 3, 3, 3, 3, 3, 3, 3, 3, 3, 3, 3, 3, 3, 3, 3, 3, 3, 3, 3, 3, 3, 3, 3, 3, 3, 3, 3, 3, 3, 3, 3, 3, 3, 3, 3, 3, 3, 3, 3, 3, 3, 3, 3, 3, 3, 3, 3, 3, 3, 3, 3, 3, 3, 3, 3, 3, 3, 3, 3, 3, 3, 3, 3, 3, 3, 3, 3, 3, 3, 3, 3, 3, 3, 3, 3, 3, 3, 3, 3, 3, 3, 3, 3, 3, 3, 3, 3, 3, 3, 3, 3, 3, 3, 3, 3, 3, 3, 3, 3, 3, 3, 3, 3, 3, 3, 3, 3, 3, 3, 3, 3, 3, 3, 3, 3, 3, 3, 3, 3, 3, 3, 3, 3, 3, 3, 3, 3, 3, 3, 3, 3, 3, 3, 3, 3, 3, 3, 3, 3, 3, 3, 3, 3, 3, 3, 3, 3, 3, 3, 3, 3, 3, 3, 3, 3, 3, 3, 3, 3, 3, 3, 3, 3, 3, 3, 3, 3, 3, 3, 3, 3, 3, 3, 3, 3, 3, 3, 3, 3, 3, 3, 3, 3, 3, 3, 3, 3, 3, 3, 3, 3, 3, 3, 3, 3, 3, 3, 3, 3, 3, 3, 3, 3, 3, 3, 3, 3, 3, 3, 3, 3, 3, 3, 3, 3, 3, 3, 3, 3, 3, 3, 3, 3, 3, 3, 3, 3, 3, 3, 3, 3, 3, 3, 3, 3, 3, 3, 3, 3, 3, 3, 3, 3, 3, 3, 3, 3, 3, 3, 3, 3, 3, 3, 3, 3, 3, 3, 3, 3, 3, 3, 3, 3, 3, 3, 3, 3, 3, 3, 3, 3, 3, 3, 3, 3, 3, 3, 3, 3, 3, 3, 3, 3, 3, 3, 3, 3, 3, 3, 3, 3, 3, 3, 3, 3, 3, 3, 3, 3, 3, 3, 3, 3, 3, 3, 3, 3, 3, 3, 3, 3, 3, 3, 3, 3, 3, 3, 3, 3, 3, 3, 3, 3, 3, 3, 3, 3, 3, 3, 3, 3, 3, 3, 3, 3, 3, 3, 3, 3, 3, 3, 3, 3, 3, 3, 3, 3, 3, 3, 3, 3, 3, 3, 3, 3, 3, 3, 3, 3, 3, 3, 3, 3, 3, 3, 3, 3, 3, 3, 3, 32, 33, 33, 78, 78, 34, 3, 3, 3, 3, 3, 3, 3, 3, 3, 3, 3, 3, 3, 3, 3, 3, 3, 3, 3, 67, 3, 3, 3, 3, 62, 63, 63, 63, 63, 64, 3, 3, 3, 3, 3, 3, 3, 3, 3, 3, 3, 3, 3, 3, 3, 3, 3, 3, 3, 3, 3, 3, 3, 3, 3, 3, 3, 3, 3, 3, 3, 3, 3, 3, 3, 3, 3, 3, 3, 3, 3, 3, 3, 3, 3, 3, 3, 3, 3, 3, 3, 3, 3, 3, 3, 3, 3, 3, 3, 3, 3, 3, 3, 3, 3, 3, 3, 3, 3, 3, 3, 3, 3, 3, 3, 3, 3, 3, 67, 3, 3, 3, 3, 67, 3, 3, 3, 3, 3, 3, 3, 3, 3, 3, 3, 3, 3, 3, 3, 3, 3, 3, 3, 3, 3, 3, 3, 3, 3, 3, 3, 3, 3, 3, 3, 3, 3, 3, 3, 3, 3, 3, 3, 3, 3, 3, 3, 3, 3, 3, 3, 3, 3, 3, 3, 3, 3, 3, 3, 3, 3, 3, 3, 3, 3, 3, 3, 3, 3, 3, 3, 3, 3, 3, 3, 3, 3, 3, 3, 3, 3, 3, 3, 3, 3, 3, 3, 3, 3, 67, 3, 3, 3, 3, 67, 3, 3, 3, 3, 3, 3, 3, 3, 3, 3, 3, 3, 3, 3, 3, 3, 3, 3, 3, 3, 3, 3, 3, 3, 3, 3, 3, 3, 3, 3, 3, 3, 3, 3, 3, 3, 3, 3, 3, 3, 3, 3, 3, 3, 3, 3, 3, 3, 3, 3, 3, 3, 3, 3, 3, 3, 3, 3, 3, 3, 3, 3, 3, 3, 3, 3, 3, 3, 3, 3, 3, 3, 3, 3, 3, 3, 3, 3, 3, 3, 3, 3, 3, 3, 3, 3, 3, 3, 3, 3, 3, 3, 3, 3, 3, 3, 3, 3, 3, 3, 3, 3, 3, 3, 3, 3, 3, 3, 3, 3, 3, 3, 3, 3, 3, 3, 3, 3, 3, 3, 32, 34, 3, 3, 3, 3, 3, 3, 3, 3, 3, 3, 3, 3, 3, 3, 3, 3, 3, 3, 3, 3, 3, 3, 3, 3, 32, 33, 33, 78, 79, 49, 3, 3, 3, 3, 3, 3, 3, 3, 3, 3, 3, 3, 3, 3, 3, 3, 3, 3, 3, 3, 3, 3, 3, 3, 62, 63, 63, 63, 63, 77, 33, 33, 34, 3, 3, 3, 3, 3, 3, 3, 3, 3, 3, 3, 3, 3, 3, 3, 3, 3, 3, 3, 3, 3, 3, 3, 3, 3, 3, 47, 48, 48, 49, 3, 3, 3, 3, 3, 3, 3, 3, 3, 3, 3, 3, 3, 3, 3, 3, 3, 3, 3, 3, 3, 3, 3, 3, 3, 3, 62, 63, 63, 77, 33, 34, 3, 3, 3, 3, 3, 3, 3, 3, 3, 3, 3, 3, 3, 3, 3, 3, 3, 3, 3, 3, 3, 3, 3, 3, 3, 3, 3, 47, 48, 49, 3, 3, 3, 3, 3, 3, 3, 3, 3, 3, 3, 3, 3, 3, 3, 3, 3, 3, 3, 3, 3, 3, 3, 3, 3, 3, 3, 62, 63, 77, 33, 34, 3, 3, 3, 3, 3, 3, 3, 3, 3, 3, 3, 3, 3, 3, 3, 3, 3, 3, 3, 3, 3, 3, 3, 3, 3, 3, 3, 62, 63, 64, 3, 3, 3, 3, 3, 3, 3, 3, 3, 3, 3, 3, 3, 3, 3, 3, 3, 3, 3, 3, 3, 3, 3, 3, 3, 3, 3, 3, 3, 3, 3, 3, 3, 3, 3, 3, 3, 3, 3, 3, 3, 3, 3, 3, 3, 3, 3, 3, 3, 3, 3, 3, 3, 3, 3, 3, 3, 3, 3, 3, 3, 3, 3, 3, 3, 3, 3, 3, 3, 3, 3, 3, 3, 3, 3, 3, 3, 3, 3, 3, 3, 3, 3, 3, 3, 3, 3, 3, 3, 3, 3, 3, 3, 3, 3, 3, 3, 3, 3, 3, 3, 3, 3, 3, 3, 3, 3, 3, 3, 3, 3, 3, 32, 33, 33, 34, 3, 3, 3, 3, 32, 33, 34, 3, 3, 3, 3, 3, 3, 3, 3, 3, 3, 3, 3, 3, 3, 3, 3, 3, 3, 3, 62, 63, 63, 64, 3, 3, 3, 3, 62, 63, 64, 3, 3, 3, 3, 3, 3, 3, 3, 3, 3, 3, 3, 3, 3, 3, 3, 3, 3, 3, 3, 3, 3, 3, 3, 3, 3, 3, 3, 3, 3, 3, 3, 3, 3, 3, 3, 3, 3, 3, 3, 3, 3, 3, 3, 3, 3, 3, 3, 3, 3, 3, 3, 3, 3, 3, 3, 3, 3, 3, 3, 3, 3, 3, 3, 3, 3, 3, 3, 3, 3, 3, 3, 3, 3, 3, 3, 3, 3, 3, 3, 3, 3, 3, 3, 3, 3, 3, 3, 3, 3, 3, 3, 3, 3, 3, 3, 3, 3, 3, 3, 3, 3, 3, 3, 3, 3, 3, 3, 3, 3, 3, 3, 3, 3, 3, 3, 3, 3, 3, 3, 3, 3, 3],
         "height":50,
         "id":12,
         "name":"Tile Layer 1",
         "opacity":1,
         "type":"tilelayer",
         "visible":true,
         "width":30,
         "x":0,
         "y":0
        }, 
        {
         "draworder":"topdown",
         "id":3,
         "name":"Object Layer 1",
         "objects":[
                {
                 "gid":2,
                 "height":32,
                 "id":10,
                 "name":"",
                 "properties":[
                        {
                         "name":"type",
                         "type":"string",
                         "value":"LevelSpawn"
                        }],
                 "rotation":0,
                 "type":"",
                 "visible":true,
                 "width":32,
                 "x":288,
                 "y":192
                }, 
                {
                 "gid":76,
                 "height":32,
                 "id":40,
                 "name":"",
                 "properties":[
                        {
                         "name":"enemyType",
                         "type":"string",
                         "value":"flyingBat"
                        }, 
                        {
                         "name":"horizontal",
                         "type":"string",
                         "value":"true"
                        }, 
                        {
                         "name":"orientation",
                         "type":"string",
                         "value":"left"
                        }, 
                        {
                         "name":"startDirection",
                         "type":"string",
                         "value":"left"
                        }],
                 "rotation":0,
                 "type":"EnemySpawn",
                 "visible":true,
                 "width":32,
                 "x":384,
                 "y":768
                }, 
                {
                 "gid":16,
                 "height":32,
                 "id":78,
                 "name":"",
                 "properties":[
                        {
                         "name":"enemyType",
                         "type":"string",
                         "value":"floatingBug"
                        }, 
                        {
                         "name":"orientation",
                         "type":"string",
                         "value":"right"
                        }],
                 "rotation":0,
                 "type":"EnemySpawn",
                 "visible":true,
                 "width":32,
                 "x":512,
                 "y":288
                }, 
                {
                 "gid":61,
                 "height":32,
                 "id":82,
                 "name":"",
                 "properties":[
                        {
                         "name":"enemyType",
                         "type":"string",
                         "value":"dustBunny"
                        }, 
                        {
                         "name":"orientation",
                         "type":"string",
                         "value":"left"
                        }],
                 "rotation":0,
                 "type":"EnemySpawn",
                 "visible":true,
                 "width":32,
                 "x":416,
                 "y":1088
                }, 
                {
                 "gid":91,
                 "height":32,
                 "id":100,
                 "name":"",
                 "rotation":0,
                 "type":"Jidan",
                 "visible":true,
                 "width":32,
                 "x":384,
                 "y":192
                }, 
                {
                 "gid":2,
                 "height":32,
                 "id":132,
                 "name":"",
                 "properties":[
                        {
                         "name":"destination",
                         "type":"string",
                         "value":"Stage_3_7"
                        }],
                 "rotation":0,
                 "type":"Transition",
                 "visible":true,
                 "width":32,
                 "x":544,
                 "y":1376
                }, 
                {
                 "gid":4,
                 "height":32,
                 "id":133,
                 "name":"",
                 "rotation":0,
                 "type":"NPCWall",
                 "visible":true,
                 "width":32,
                 "x":320,
                 "y":1088
                }, 
                {
                 "gid":16,
                 "height":32,
                 "id":134,
                 "name":"",
                 "properties":[
                        {
                         "name":"enemyType",
                         "type":"string",
                         "value":"floatingBug"
                        }, 
                        {
                         "name":"orientation",
                         "type":"string",
                         "value":"left"
                        }],
                 "rotation":0,
                 "type":"EnemySpawn",
                 "visible":true,
                 "width":32,
                 "x":576,
                 "y":384
                }, 
                {
                 "gid":16,
                 "height":32,
                 "id":135,
                 "name":"",
                 "properties":[
                        {
                         "name":"enemyType",
                         "type":"string",
                         "value":"floatingBug"
                        }, 
                        {
                         "name":"orientation",
                         "type":"string",
                         "value":"right"
                        }],
                 "rotation":0,
                 "type":"EnemySpawn",
                 "visible":true,
                 "width":32,
                 "x":544,
                 "y":512
                }, 
                {
                 "gid":16,
                 "height":32,
                 "id":136,
                 "name":"",
                 "properties":[
                        {
                         "name":"enemyType",
                         "type":"string",
                         "value":"floatingBug"
                        }, 
                        {
                         "name":"orientation",
                         "type":"string",
                         "value":"left"
                        }],
                 "rotation":0,
                 "type":"EnemySpawn",
                 "visible":true,
                 "width":32,
                 "x":608,
                 "y":608
                }, 
                {
                 "gid":91,
                 "height":32,
                 "id":137,
                 "name":"",
                 "rotation":0,
                 "type":"Jidan",
                 "visible":true,
                 "width":32,
                 "x":449.333,
                 "y":113.333
                }, 
                {
                 "gid":91,
                 "height":32,
                 "id":138,
                 "name":"",
                 "rotation":0,
                 "type":"Jidan",
                 "visible":true,
                 "width":32,
                 "x":504,
                 "y":98.6667
                }, 
                {
                 "gid":91,
                 "height":32,
                 "id":139,
                 "name":"",
                 "rotation":0,
                 "type":"Jidan",
                 "visible":true,
                 "width":32,
                 "x":512,
                 "y":160
                }, 
                {
                 "gid":91,
                 "height":32,
                 "id":140,
                 "name":"",
                 "rotation":0,
                 "type":"Jidan",
                 "visible":true,
                 "width":32,
                 "x":546,
                 "y":228
                }, 
                {
                 "gid":91,
                 "height":32,
                 "id":141,
                 "name":"",
                 "rotation":0,
                 "type":"Jidan",
                 "visible":true,
                 "width":32,
                 "x":575,
                 "y":281
                }, 
                {
                 "gid":91,
                 "height":32,
                 "id":142,
                 "name":"",
                 "rotation":0,
                 "type":"Jidan",
                 "visible":true,
                 "width":32,
                 "x":576,
                 "y":352
                }, 
                {
                 "gid":91,
                 "height":32,
                 "id":143,
                 "name":"",
                 "rotation":0,
                 "type":"Jidan",
                 "visible":true,
                 "width":32,
                 "x":544,
                 "y":480
                }, 
                {
                 "gid":91,
                 "height":32,
                 "id":144,
                 "name":"",
                 "rotation":0,
                 "type":"Jidan",
                 "visible":true,
                 "width":32,
                 "x":576,
                 "y":448
                }, 
                {
                 "gid":91,
                 "height":32,
                 "id":145,
                 "name":"",
                 "rotation":0,
                 "type":"Jidan",
                 "visible":true,
                 "width":32,
                 "x":608,
                 "y":544
                }, 
                {
                 "gid":91,
                 "height":32,
                 "id":146,
                 "name":"",
                 "rotation":0,
                 "type":"Jidan",
                 "visible":true,
                 "width":32,
                 "x":514,
                 "y":256
                }, 
                {
                 "gid":91,
                 "height":32,
                 "id":147,
                 "name":"",
                 "rotation":0,
                 "type":"Jidan",
                 "visible":true,
                 "width":32,
                 "x":608,
                 "y":480
                }, 
                {
                 "gid":76,
                 "height":32,
                 "id":148,
                 "name":"",
                 "properties":[
                        {
                         "name":"enemyType",
                         "type":"string",
                         "value":"flyingBat"
                        }, 
                        {
                         "name":"horizontal",
                         "type":"string",
                         "value":"true"
                        }, 
                        {
                         "name":"orientation",
                         "type":"string",
                         "value":"left"
                        }, 
                        {
                         "name":"startDirection",
                         "type":"string",
                         "value":"left"
                        }],
                 "rotation":0,
                 "type":"EnemySpawn",
                 "visible":true,
                 "width":32,
                 "x":352,
                 "y":864
                }, 
                {
                 "gid":76,
                 "height":32,
                 "id":149,
                 "name":"",
                 "properties":[
                        {
                         "name":"enemyType",
                         "type":"string",
                         "value":"flyingBat"
                        }, 
                        {
                         "name":"horizontal",
                         "type":"string",
                         "value":"true"
                        }, 
                        {
                         "name":"orientation",
                         "type":"string",
                         "value":"left"
                        }, 
                        {
                         "name":"startDirection",
                         "type":"string",
                         "value":"left"
                        }],
                 "rotation":0,
                 "type":"EnemySpawn",
                 "visible":true,
                 "width":32,
                 "x":384,
                 "y":960
                }, 
                {
                 "gid":61,
                 "height":32,
                 "id":150,
                 "name":"",
                 "properties":[
                        {
                         "name":"enemyType",
                         "type":"string",
                         "value":"dustBunny"
                        }, 
                        {
                         "name":"orientation",
                         "type":"string",
                         "value":"left"
                        }],
                 "rotation":0,
                 "type":"EnemySpawn",
                 "visible":true,
                 "width":32,
                 "x":544,
                 "y":1120
                }, 
                {
                 "gid":61,
                 "height":32,
                 "id":151,
                 "name":"",
                 "properties":[
                        {
                         "name":"enemyType",
                         "type":"string",
                         "value":"dustBunny"
                        }, 
                        {
                         "name":"orientation",
                         "type":"string",
                         "value":"left"
                        }],
                 "rotation":0,
                 "type":"EnemySpawn",
                 "visible":true,
                 "width":32,
                 "x":640,
                 "y":1184
                }, 
                {
                 "gid":61,
                 "height":32,
                 "id":152,
                 "name":"",
                 "properties":[
                        {
                         "name":"enemyType",
                         "type":"string",
                         "value":"dustBunny"
                        }, 
                        {
                         "name":"orientation",
                         "type":"string",
                         "value":"left"
                        }],
                 "rotation":0,
                 "type":"EnemySpawn",
                 "visible":true,
                 "width":32,
                 "x":704,
                 "y":1248
                }, 
                {
                 "gid":61,
                 "height":32,
                 "id":153,
                 "name":"",
                 "properties":[
                        {
                         "name":"enemyType",
                         "type":"string",
                         "value":"dustBunny"
                        }, 
                        {
                         "name":"orientation",
                         "type":"string",
                         "value":"right"
                        }],
                 "rotation":0,
                 "type":"EnemySpawn",
                 "visible":true,
                 "width":32,
                 "x":800,
                 "y":1408
                }, 
                {
                 "gid":4,
                 "height":32,
                 "id":154,
                 "name":"",
                 "rotation":0,
                 "type":"NPCWall",
                 "visible":true,
                 "width":32,
                 "x":640,
                 "y":1120
                }, 
                {
                 "gid":4,
                 "height":32,
                 "id":155,
                 "name":"",
                 "rotation":0,
                 "type":"NPCWall",
                 "visible":true,
                 "width":32,
                 "x":704,
                 "y":1184
                }, 
                {
                 "gid":4,
                 "height":32,
                 "id":156,
                 "name":"",
                 "rotation":0,
                 "type":"NPCWall",
                 "visible":true,
                 "width":32,
                 "x":768,
                 "y":1248
                }, 
                {
                 "gid":4,
                 "height":32,
                 "id":157,
                 "name":"",
                 "rotation":0,
                 "type":"NPCWall",
                 "visible":true,
                 "width":32,
                 "x":864,
                 "y":1408
                }, 
                {
                 "gid":4,
                 "height":32,
                 "id":158,
                 "name":"",
                 "rotation":0,
                 "type":"NPCWall",
                 "visible":true,
                 "width":32,
                 "x":736,
                 "y":1408
                }, 
                {
                 "gid":91,
                 "height":32,
                 "id":159,
                 "name":"",
                 "rotation":0,
                 "type":"Jidan",
                 "visible":true,
                 "width":32,
                 "x":448,
                 "y":704
                }, 
                {
                 "gid":91,
                 "height":32,
                 "id":160,
                 "name":"",
                 "rotation":0,
                 "type":"Jidan",
                 "visible":true,
                 "width":32,
                 "x":416,
                 "y":640
                }, 
                {
                 "gid":91,
                 "height":32,
                 "id":161,
                 "name":"",
                 "rotation":0,
                 "type":"Jidan",
                 "visible":true,
                 "width":32,
                 "x":352,
                 "y":736
                }, 
                {
                 "gid":91,
                 "height":32,
                 "id":162,
                 "name":"",
                 "rotation":0,
                 "type":"Jidan",
                 "visible":true,
                 "width":32,
                 "x":352,
                 "y":608
                }, 
                {
                 "gid":91,
                 "height":32,
                 "id":163,
                 "name":"",
                 "rotation":0,
                 "type":"Jidan",
                 "visible":true,
                 "width":32,
                 "x":352,
                 "y":832
                }, 
                {
                 "gid":91,
                 "height":32,
                 "id":164,
                 "name":"",
                 "rotation":0,
                 "type":"Jidan",
                 "visible":true,
                 "width":32,
                 "x":352,
                 "y":928
                }, 
                {
                 "gid":91,
                 "height":32,
                 "id":165,
                 "name":"",
                 "rotation":0,
                 "type":"Jidan",
                 "visible":true,
                 "width":32,
                 "x":384,
                 "y":928
                }, 
                {
                 "gid":91,
                 "height":32,
                 "id":166,
                 "name":"",
                 "rotation":0,
                 "type":"Jidan",
                 "visible":true,
                 "width":32,
                 "x":384,
                 "y":1024
                }, 
                {
                 "gid":91,
                 "height":32,
                 "id":167,
                 "name":"",
                 "rotation":0,
                 "type":"Jidan",
                 "visible":true,
                 "width":32,
                 "x":384,
                 "y":1088
                }, 
                {
                 "gid":91,
                 "height":32,
                 "id":168,
                 "name":"",
                 "rotation":0,
                 "type":"Jidan",
                 "visible":true,
                 "width":32,
                 "x":512,
                 "y":1056
                }, 
                {
                 "gid":91,
                 "height":32,
                 "id":169,
                 "name":"",
                 "rotation":0,
                 "type":"Jidan",
                 "visible":true,
                 "width":32,
                 "x":576,
                 "y":992
                }, 
                {
                 "gid":91,
                 "height":32,
                 "id":170,
                 "name":"",
                 "rotation":0,
                 "type":"Jidan",
                 "visible":true,
                 "width":32,
                 "x":608,
                 "y":1088
                }, 
                {
                 "gid":91,
                 "height":32,
                 "id":171,
                 "name":"",
                 "rotation":0,
                 "type":"Jidan",
                 "visible":true,
                 "width":32,
                 "x":640,
                 "y":1056
                }, 
                {
                 "gid":91,
                 "height":32,
                 "id":172,
                 "name":"",
                 "rotation":0,
                 "type":"Jidan",
                 "visible":true,
                 "width":32,
                 "x":663,
                 "y":1165.33
                }, 
                {
                 "gid":91,
                 "height":32,
                 "id":173,
                 "name":"",
                 "rotation":0,
                 "type":"Jidan",
                 "visible":true,
                 "width":32,
                 "x":704,
                 "y":1152
                }, 
                {
                 "gid":91,
                 "height":32,
                 "id":174,
                 "name":"",
                 "rotation":0,
                 "type":"Jidan",
                 "visible":true,
                 "width":32,
                 "x":725.667,
                 "y":1229.67
                }, 
                {
                 "gid":91,
                 "height":32,
                 "id":175,
                 "name":"",
                 "rotation":0,
                 "type":"Jidan",
                 "visible":true,
                 "width":32,
                 "x":769,
                 "y":1212
                }, 
                {
                 "gid":91,
                 "height":32,
                 "id":176,
                 "name":"",
                 "rotation":0,
                 "type":"Jidan",
                 "visible":true,
                 "width":32,
                 "x":791,
                 "y":1395
                }, 
                {
                 "gid":91,
                 "height":32,
                 "id":177,
                 "name":"",
                 "rotation":0,
                 "type":"Jidan",
                 "visible":true,
                 "width":32,
                 "x":791,
                 "y":1309
                }, 
                {
                 "gid":91,
                 "height":32,
                 "id":178,
                 "name":"",
                 "rotation":0,
                 "type":"Jidan",
                 "visible":true,
                 "width":32,
                 "x":414.667,
                 "y":148
                }, 
                {
                 "gid":91,
                 "height":32,
                 "id":179,
                 "name":"",
                 "rotation":0,
                 "type":"Jidan",
                 "visible":true,
                 "width":32,
                 "x":545,
                 "y":378
                }],
         "opacity":1,
         "type":"objectgroup",
         "visible":true,
         "x":0,
         "y":0
        }],
 "nextlayerid":13,
 "nextobjectid":180,
 "orientation":"orthogonal",
 "properties":[
        {
         "name":"scoreThresholds",
         "type":"string",
         "value":"1900,2500,2700"
        }],
 "renderorder":"right-down",
 "tiledversion":"1.2.4",
 "tileheight":32,
 "tilesets":[
        {
         "firstgid":1,
         "source":"..\/tiles\/World1.tsx"
        }, 
        {
         "columns":6,
         "firstgid":136,
         "image":"..\/..\/..\/your-guide-to-the-afterlife\/lib\/images\/ObjectTileSet.png",
         "imageheight":96,
         "imagewidth":192,
         "margin":0,
         "name":"ObjectTileSet",
         "spacing":0,
         "tilecount":18,
         "tileheight":32,
         "tilewidth":32
        }],
 "tilewidth":32,
 "type":"map",
 "version":1.2,
 "width":30
}