{ "height":28,
 "infinite":false,
 "layers":[
        {
         "data":[3, 3, 3, 3, 3, 3, 3, 3, 3, 3, 3, 3, 3, 3, 3, 3, 3, 3, 3, 3, 3, 3, 3, 3, 3, 3, 3, 3, 3, 3, 3, 3, 3, 3, 3, 3, 3, 3, 3, 3, 3, 3, 3, 3, 3, 3, 3, 3, 3, 3, 3, 3, 3, 3, 3, 3, 3, 3, 3, 3, 3, 3, 3, 3, 3, 3, 3, 3, 3, 3, 3, 3, 3, 3, 3, 3, 3, 3, 3, 3, 3, 3, 3, 3, 3, 3, 3, 3, 3, 3, 3, 3, 3, 3, 3, 3, 3, 3, 3, 3, 3, 3, 3, 3, 3, 3, 3, 3, 3, 3, 3, 3, 3, 3, 3, 3, 3, 3, 3, 3, 3, 3, 3, 3, 3, 3, 3, 3, 3, 3, 3, 3, 3, 3, 3, 3, 3, 3, 3, 3, 3, 3, 3, 3, 3, 3, 3, 3, 3, 3, 3, 3, 3, 3, 3, 3, 3, 3, 3, 3, 3, 3, 3, 3, 3, 3, 3, 3, 3, 3, 3, 3, 3, 3, 3, 3, 3, 3, 3, 3, 3, 3, 3, 3, 3, 3, 3, 3, 3, 3, 3, 3, 3, 3, 3, 3, 3, 3, 3, 3, 3, 3, 3, 3, 3, 3, 3, 3, 3, 3, 3, 3, 3, 3, 3, 3, 3, 3, 3, 3, 3, 3, 3, 3, 3, 3, 3, 3, 3, 3, 3, 3, 3, 3, 3, 3, 3, 3, 3, 3, 3, 3, 3, 3, 3, 3, 3, 3, 3, 3, 3, 3, 3, 3, 3, 3, 32, 78, 34, 3, 3, 3, 3, 3, 3, 3, 3, 3, 3, 3, 3, 3, 3, 3, 3, 3, 3, 3, 3, 3, 3, 3, 3, 3, 62, 63, 64, 3, 3, 3, 3, 3, 3, 3, 3, 3, 3, 3, 3, 3, 3, 3, 3, 3, 3, 3, 3, 3, 3, 3, 3, 3, 3, 3, 3, 3, 3, 3, 3, 3, 3, 3, 3, 3, 3, 3, 3, 3, 3, 3, 3, 3, 3, 3, 3, 3, 3, 3, 3, 3, 3, 3, 3, 3, 3, 3, 3, 3, 3, 3, 3, 3, 3, 3, 3, 3, 3, 3, 3, 3, 3, 3, 3, 3, 3, 3, 3, 3, 3, 3, 3, 3, 3, 3, 3, 3, 3, 3, 3, 3, 3, 3, 3, 3, 3, 3, 3, 3, 3, 3, 3, 3, 3, 3, 3, 3, 3, 3, 3, 3, 3, 3, 3, 3, 3, 3, 3, 3, 3, 3, 3, 3, 3, 3, 3, 3, 3, 3, 3, 3, 3, 3, 3, 3, 3, 3, 3, 3, 3, 3, 3, 3, 3, 3, 3, 3, 3, 3, 3, 3, 3, 3, 3, 3, 3, 3, 3, 3, 3, 3, 3, 3, 3, 3, 3, 3, 3, 3, 3, 3, 3, 3, 3, 3, 3, 3, 3, 3, 3, 3, 3, 3, 3, 3, 3, 3, 3, 3, 3, 3, 3, 3, 3, 3, 3, 3, 3, 3, 3, 3, 3, 3, 3, 3, 3, 3, 3, 3, 3, 3, 3, 3, 3, 3, 3, 3, 3, 3, 3, 3, 3, 3, 3, 3, 3, 3, 3, 3, 3, 3, 3, 3, 3, 3, 3, 3, 3, 3, 65, 3, 3, 3, 3, 3, 3, 3, 3, 3, 3, 3, 3, 32, 34, 3, 3, 3, 3, 3, 3, 3, 3, 32, 34, 3, 3, 3, 81, 3, 3, 3, 3, 3, 3, 3, 3, 3, 3, 3, 3, 47, 49, 3, 3, 3, 3, 3, 3, 3, 3, 47, 49, 3, 3, 3, 81, 3, 3, 3, 3, 3, 3, 3, 3, 3, 3, 3, 3, 47, 64, 3, 32, 34, 3, 32, 34, 3, 3, 62, 49, 3, 3, 3, 81, 3, 3, 3, 3, 3, 3, 3, 3, 3, 3, 3, 3, 81, 3, 3, 47, 77, 78, 79, 49, 3, 3, 3, 81, 3, 3, 3, 81, 3, 3, 3, 3, 3, 3, 3, 3, 3, 3, 3, 3, 81, 3, 3, 62, 63, 48, 48, 64, 3, 3, 3, 81, 3, 3, 3, 81, 3, 3, 3, 3, 3, 3, 3, 3, 3, 3, 3, 3, 81, 3, 3, 3, 3, 47, 49, 3, 3, 3, 3, 81, 3, 3, 3, 81, 3, 3, 3, 3, 3, 3, 3, 3, 3, 3, 3, 3, 81, 3, 3, 3, 3, 47, 64, 3, 3, 3, 3, 81, 3, 3, 3, 81, 3, 3, 3, 3, 3, 3, 3, 3, 3, 3, 3, 3, 81, 3, 3, 3, 3, 81, 3, 3, 3, 3, 3, 81, 3, 3, 3, 81, 3, 3, 3, 3, 3, 3, 3, 3, 3, 3, 3, 3, 81, 3, 3, 3, 3, 81, 3, 3, 3, 3, 3, 81, 3, 3, 3, 81, 3, 3, 3],
         "height":28,
         "id":11,
         "name":"Tile Layer 1",
         "opacity":1,
         "type":"tilelayer",
         "visible":true,
         "width":28,
         "x":0,
         "y":0
        }, 
        {
         "draworder":"topdown",
         "id":3,
         "name":"Object Layer 1",
         "objects":[
                {
                 "gid":2,
                 "height":32,
                 "id":10,
                 "name":"",
                 "properties":[
                        {
                         "name":"type",
                         "type":"string",
                         "value":"LevelSpawn"
                        }],
                 "rotation":0,
                 "type":"",
                 "visible":true,
                 "width":32,
                 "x":160,
                 "y":288
                }, 
                {
                 "gid":76,
                 "height":32,
                 "id":40,
                 "name":"",
                 "properties":[
                        {
                         "name":"enemyType",
                         "type":"string",
                         "value":"flyingBat"
                        }, 
                        {
                         "name":"horizontal",
                         "type":"string",
                         "value":"false"
                        }, 
                        {
                         "name":"orientation",
                         "type":"string",
                         "value":"right"
                        }, 
                        {
                         "name":"startDirection",
                         "type":"string",
                         "value":"down"
                        }],
                 "rotation":0,
                 "type":"EnemySpawn",
                 "visible":true,
                 "width":32,
                 "x":416,
                 "y":416
                }, 
                {
                 "gid":61,
                 "height":32,
                 "id":82,
                 "name":"",
                 "properties":[
                        {
                         "name":"enemyType",
                         "type":"string",
                         "value":"dustBunny"
                        }, 
                        {
                         "name":"orientation",
                         "type":"string",
                         "value":"left"
                        }],
                 "rotation":0,
                 "type":"EnemySpawn",
                 "visible":true,
                 "width":32,
                 "x":320,
                 "y":608
                }, 
                {
                 "gid":91,
                 "height":32,
                 "id":100,
                 "name":"",
                 "rotation":0,
                 "type":"Jidan",
                 "visible":true,
                 "width":32,
                 "x":320,
                 "y":352
                }, 
                {
                 "gid":2,
                 "height":32,
                 "id":132,
                 "name":"",
                 "properties":[
                        {
                         "name":"destination",
                         "type":"string",
                         "value":"Stage_1_1"
                        }],
                 "rotation":0,
                 "type":"Transition",
                 "visible":true,
                 "width":32,
                 "x":768,
                 "y":544
                }, 
                {
                 "gid":4,
                 "height":32,
                 "id":133,
                 "name":"",
                 "rotation":0,
                 "type":"NPCWall",
                 "visible":true,
                 "width":32,
                 "x":256,
                 "y":608
                }, 
                {
                 "gid":16,
                 "height":32,
                 "id":134,
                 "name":"",
                 "properties":[
                        {
                         "name":"enemyType",
                         "type":"string",
                         "value":"floatingBug"
                        }, 
                        {
                         "name":"orientation",
                         "type":"string",
                         "value":"right"
                        }],
                 "rotation":0,
                 "type":"EnemySpawn",
                 "visible":true,
                 "width":32,
                 "x":512,
                 "y":352
                }, 
                {
                 "gid":16,
                 "height":32,
                 "id":136,
                 "name":"",
                 "properties":[
                        {
                         "name":"enemyType",
                         "type":"string",
                         "value":"floatingBug"
                        }, 
                        {
                         "name":"orientation",
                         "type":"string",
                         "value":"right"
                        }],
                 "rotation":0,
                 "type":"EnemySpawn",
                 "visible":true,
                 "width":32,
                 "x":608,
                 "y":416
                }, 
                {
                 "gid":16,
                 "height":32,
                 "id":137,
                 "name":"",
                 "properties":[
                        {
                         "name":"enemyType",
                         "type":"string",
                         "value":"floatingBug"
                        }, 
                        {
                         "name":"orientation",
                         "type":"string",
                         "value":"left"
                        }],
                 "rotation":0,
                 "type":"EnemySpawn",
                 "visible":true,
                 "width":32,
                 "x":512,
                 "y":480
                }, 
                {
                 "gid":16,
                 "height":32,
                 "id":139,
                 "name":"",
                 "properties":[
                        {
                         "name":"enemyType",
                         "type":"string",
                         "value":"floatingBug"
                        }, 
                        {
                         "name":"orientation",
                         "type":"string",
                         "value":"right"
                        }],
                 "rotation":0,
                 "type":"EnemySpawn",
                 "visible":true,
                 "width":32,
                 "x":608,
                 "y":544
                }, 
                {
                 "gid":16,
                 "height":32,
                 "id":140,
                 "name":"",
                 "properties":[
                        {
                         "name":"enemyType",
                         "type":"string",
                         "value":"floatingBug"
                        }, 
                        {
                         "name":"orientation",
                         "type":"string",
                         "value":"right"
                        }],
                 "rotation":0,
                 "type":"EnemySpawn",
                 "visible":true,
                 "width":32,
                 "x":544,
                 "y":576
                }, 
                {
                 "gid":16,
                 "height":32,
                 "id":156,
                 "name":"",
                 "properties":[
                        {
                         "name":"enemyType",
                         "type":"string",
                         "value":"floatingBug"
                        }, 
                        {
                         "name":"orientation",
                         "type":"string",
                         "value":"right"
                        }],
                 "rotation":0,
                 "type":"EnemySpawn",
                 "visible":true,
                 "width":32,
                 "x":416,
                 "y":352
                }, 
                {
                 "gid":16,
                 "height":32,
                 "id":157,
                 "name":"",
                 "properties":[
                        {
                         "name":"enemyType",
                         "type":"string",
                         "value":"floatingBug"
                        }, 
                        {
                         "name":"orientation",
                         "type":"string",
                         "value":"left"
                        }],
                 "rotation":0,
                 "type":"EnemySpawn",
                 "visible":true,
                 "width":32,
                 "x":320,
                 "y":384
                }, 
                {
                 "gid":16,
                 "height":32,
                 "id":158,
                 "name":"",
                 "properties":[
                        {
                         "name":"enemyType",
                         "type":"string",
                         "value":"floatingBug"
                        }, 
                        {
                         "name":"orientation",
                         "type":"string",
                         "value":"left"
                        }],
                 "rotation":0,
                 "type":"EnemySpawn",
                 "visible":true,
                 "width":32,
                 "x":416,
                 "y":480
                }, 
                {
                 "gid":16,
                 "height":32,
                 "id":159,
                 "name":"",
                 "properties":[
                        {
                         "name":"enemyType",
                         "type":"string",
                         "value":"floatingBug"
                        }, 
                        {
                         "name":"orientation",
                         "type":"string",
                         "value":"left"
                        }],
                 "rotation":0,
                 "type":"EnemySpawn",
                 "visible":true,
                 "width":32,
                 "x":288,
                 "y":480
                }, 
                {
                 "gid":16,
                 "height":32,
                 "id":160,
                 "name":"",
                 "properties":[
                        {
                         "name":"enemyType",
                         "type":"string",
                         "value":"floatingBug"
                        }, 
                        {
                         "name":"orientation",
                         "type":"string",
                         "value":"right"
                        }],
                 "rotation":0,
                 "type":"EnemySpawn",
                 "visible":true,
                 "width":32,
                 "x":384,
                 "y":576
                }, 
                {
                 "gid":61,
                 "height":32,
                 "id":163,
                 "name":"",
                 "properties":[
                        {
                         "name":"enemyType",
                         "type":"string",
                         "value":"dustBunny"
                        }, 
                        {
                         "name":"orientation",
                         "type":"string",
                         "value":"right"
                        }],
                 "rotation":0,
                 "type":"EnemySpawn",
                 "visible":true,
                 "width":32,
                 "x":608,
                 "y":608
                }, 
                {
                 "gid":61,
                 "height":32,
                 "id":164,
                 "name":"",
                 "properties":[
                        {
                         "name":"enemyType",
                         "type":"string",
                         "value":"dustBunny"
                        }, 
                        {
                         "name":"orientation",
                         "type":"string",
                         "value":"left"
                        }],
                 "rotation":0,
                 "type":"EnemySpawn",
                 "visible":true,
                 "width":32,
                 "x":512,
                 "y":672
                }, 
                {
                 "gid":61,
                 "height":32,
                 "id":167,
                 "name":"",
                 "properties":[
                        {
                         "name":"enemyType",
                         "type":"string",
                         "value":"dustBunny"
                        }, 
                        {
                         "name":"orientation",
                         "type":"string",
                         "value":"right"
                        }],
                 "rotation":0,
                 "type":"EnemySpawn",
                 "visible":true,
                 "width":32,
                 "x":416,
                 "y":672
                }, 
                {
                 "gid":76,
                 "height":32,
                 "id":168,
                 "name":"",
                 "properties":[
                        {
                         "name":"enemyType",
                         "type":"string",
                         "value":"flyingBat"
                        }, 
                        {
                         "name":"horizontal",
                         "type":"string",
                         "value":"false"
                        }, 
                        {
                         "name":"orientation",
                         "type":"string",
                         "value":"left"
                        }, 
                        {
                         "name":"startDirection",
                         "type":"string",
                         "value":"up"
                        }],
                 "rotation":0,
                 "type":"EnemySpawn",
                 "visible":true,
                 "width":32,
                 "x":512,
                 "y":416
                }, 
                {
                 "gid":91,
                 "height":32,
                 "id":169,
                 "name":"",
                 "rotation":0,
                 "type":"Jidan",
                 "visible":true,
                 "width":32,
                 "x":608,
                 "y":352
                }, 
                {
                 "gid":91,
                 "height":32,
                 "id":170,
                 "name":"",
                 "rotation":0,
                 "type":"Jidan",
                 "visible":true,
                 "width":32,
                 "x":511,
                 "y":432
                }, 
                {
                 "gid":91,
                 "height":32,
                 "id":171,
                 "name":"",
                 "rotation":0,
                 "type":"Jidan",
                 "visible":true,
                 "width":32,
                 "x":416,
                 "y":433
                }, 
                {
                 "gid":76,
                 "height":32,
                 "id":172,
                 "name":"",
                 "properties":[
                        {
                         "name":"enemyType",
                         "type":"string",
                         "value":"flyingBat"
                        }, 
                        {
                         "name":"horizontal",
                         "type":"string",
                         "value":"true"
                        }, 
                        {
                         "name":"orientation",
                         "type":"string",
                         "value":"left"
                        }, 
                        {
                         "name":"startDirection",
                         "type":"string",
                         "value":"left"
                        }],
                 "rotation":0,
                 "type":"EnemySpawn",
                 "visible":true,
                 "width":32,
                 "x":480,
                 "y":576
                }, 
                {
                 "gid":76,
                 "height":32,
                 "id":173,
                 "name":"",
                 "properties":[
                        {
                         "name":"enemyType",
                         "type":"string",
                         "value":"flyingBat"
                        }, 
                        {
                         "name":"horizontal",
                         "type":"string",
                         "value":"false"
                        }, 
                        {
                         "name":"orientation",
                         "type":"string",
                         "value":"left"
                        }, 
                        {
                         "name":"startDirection",
                         "type":"string",
                         "value":"down"
                        }],
                 "rotation":0,
                 "type":"EnemySpawn",
                 "visible":true,
                 "width":32,
                 "x":608,
                 "y":480
                }, 
                {
                 "gid":76,
                 "height":32,
                 "id":175,
                 "name":"",
                 "properties":[
                        {
                         "name":"enemyType",
                         "type":"string",
                         "value":"flyingBat"
                        }, 
                        {
                         "name":"horizontal",
                         "type":"string",
                         "value":"true"
                        }, 
                        {
                         "name":"orientation",
                         "type":"string",
                         "value":"left"
                        }, 
                        {
                         "name":"startDirection",
                         "type":"string",
                         "value":"right"
                        }],
                 "rotation":0,
                 "type":"EnemySpawn",
                 "visible":true,
                 "width":32,
                 "x":352,
                 "y":480
                }, 
                {
                 "gid":91,
                 "height":32,
                 "id":176,
                 "name":"",
                 "rotation":0,
                 "type":"Jidan",
                 "visible":true,
                 "width":32,
                 "x":352,
                 "y":460
                }, 
                {
                 "gid":91,
                 "height":32,
                 "id":177,
                 "name":"",
                 "rotation":0,
                 "type":"Jidan",
                 "visible":true,
                 "width":32,
                 "x":607,
                 "y":468
                }, 
                {
                 "gid":91,
                 "height":32,
                 "id":178,
                 "name":"",
                 "rotation":0,
                 "type":"Jidan",
                 "visible":true,
                 "width":32,
                 "x":463,
                 "y":563
                }, 
                {
                 "gid":91,
                 "height":32,
                 "id":179,
                 "name":"",
                 "rotation":0,
                 "type":"Jidan",
                 "visible":true,
                 "width":32,
                 "x":448,
                 "y":320
                }, 
                {
                 "gid":91,
                 "height":32,
                 "id":180,
                 "name":"",
                 "rotation":0,
                 "type":"Jidan",
                 "visible":true,
                 "width":32,
                 "x":465,
                 "y":505
                }, 
                {
                 "gid":91,
                 "height":32,
                 "id":181,
                 "name":"",
                 "rotation":0,
                 "type":"Jidan",
                 "visible":true,
                 "width":32,
                 "x":397,
                 "y":637
                }, 
                {
                 "gid":4,
                 "height":32,
                 "id":183,
                 "name":"",
                 "rotation":0,
                 "type":"NPCWall",
                 "visible":true,
                 "width":32,
                 "x":352,
                 "y":608
                }, 
                {
                 "gid":4,
                 "height":32,
                 "id":184,
                 "name":"",
                 "rotation":0,
                 "type":"NPCWall",
                 "visible":true,
                 "width":32,
                 "x":352,
                 "y":672
                }, 
                {
                 "gid":4,
                 "height":32,
                 "id":185,
                 "name":"",
                 "rotation":0,
                 "type":"NPCWall",
                 "visible":true,
                 "width":32,
                 "x":544,
                 "y":672
                }, 
                {
                 "gid":4,
                 "height":32,
                 "id":186,
                 "name":"",
                 "rotation":0,
                 "type":"NPCWall",
                 "visible":true,
                 "width":32,
                 "x":576,
                 "y":608
                }, 
                {
                 "gid":4,
                 "height":32,
                 "id":187,
                 "name":"",
                 "rotation":0,
                 "type":"NPCWall",
                 "visible":true,
                 "width":32,
                 "x":672,
                 "y":608
                }, 
                {
                 "gid":91,
                 "height":32,
                 "id":188,
                 "name":"",
                 "rotation":0,
                 "type":"Jidan",
                 "visible":true,
                 "width":32,
                 "x":352,
                 "y":544
                }, 
                {
                 "gid":91,
                 "height":32,
                 "id":189,
                 "name":"",
                 "rotation":0,
                 "type":"Jidan",
                 "visible":true,
                 "width":32,
                 "x":557,
                 "y":532
                }, 
                {
                 "gid":91,
                 "height":32,
                 "id":190,
                 "name":"",
                 "rotation":0,
                 "type":"Jidan",
                 "visible":true,
                 "width":32,
                 "x":234,
                 "y":236
                }, 
                {
                 "gid":91,
                 "height":32,
                 "id":191,
                 "name":"",
                 "rotation":0,
                 "type":"Jidan",
                 "visible":true,
                 "width":32,
                 "x":320,
                 "y":192
                }, 
                {
                 "gid":91,
                 "height":32,
                 "id":192,
                 "name":"",
                 "rotation":0,
                 "type":"Jidan",
                 "visible":true,
                 "width":32,
                 "x":270,
                 "y":201
                }, 
                {
                 "gid":91,
                 "height":32,
                 "id":193,
                 "name":"",
                 "rotation":0,
                 "type":"Jidan",
                 "visible":true,
                 "width":32,
                 "x":320,
                 "y":256
                }, 
                {
                 "gid":91,
                 "height":32,
                 "id":194,
                 "name":"",
                 "rotation":0,
                 "type":"Jidan",
                 "visible":true,
                 "width":32,
                 "x":210,
                 "y":281
                }, 
                {
                 "gid":91,
                 "height":32,
                 "id":195,
                 "name":"",
                 "rotation":0,
                 "type":"Jidan",
                 "visible":true,
                 "width":32,
                 "x":480,
                 "y":320
                }, 
                {
                 "gid":4,
                 "height":32,
                 "id":196,
                 "name":"",
                 "rotation":0,
                 "type":"NPCWall",
                 "visible":true,
                 "width":32,
                 "x":448,
                 "y":672
                }, 
                {
                 "gid":91,
                 "height":32,
                 "id":197,
                 "name":"",
                 "rotation":0,
                 "type":"Jidan",
                 "visible":true,
                 "width":32,
                 "x":496,
                 "y":638
                }],
         "opacity":1,
         "type":"objectgroup",
         "visible":true,
         "x":0,
         "y":0
        }],
 "nextlayerid":12,
 "nextobjectid":198,
 "orientation":"orthogonal",
 "properties":[
        {
         "name":"scoreThresholds",
         "type":"string",
         "value":"12000,16000,19000"
        }],
 "renderorder":"right-down",
 "tiledversion":"1.2.4",
 "tileheight":32,
 "tilesets":[
        {
         "firstgid":1,
         "source":"..\/tiles\/World1.tsx"
        }, 
        {
         "columns":6,
         "firstgid":136,
         "image":"..\/..\/..\/your-guide-to-the-afterlife\/lib\/images\/ObjectTileSet.png",
         "imageheight":96,
         "imagewidth":192,
         "margin":0,
         "name":"ObjectTileSet",
         "spacing":0,
         "tilecount":18,
         "tileheight":32,
         "tilewidth":32
        }],
 "tilewidth":32,
 "type":"map",
 "version":1.2,
 "width":28
}