{ "columns":13,
 "image":"..\/images\/tiles\/InnerEyeTileset.png",
 "imageheight":480,
 "imagewidth":416,
 "margin":0,
 "name":"RemainsTileset",
 "properties":[
        {
         "name":"type",
         "type":"string",
         "value":"tileset"
        }],
 "spacing":0,
 "terrains":[
        {
         "name":"Wall",
         "properties":[
                {
                 "name":"passable",
                 "type":"string",
                 "value":"false"
                }],
         "tile":0
        }, 
        {
         "name":"GroundDark",
         "properties":[
                {
                 "name":"passable",
                 "type":"string",
                 "value":"true"
                }],
         "tile":0
        }, 
        {
         "name":"GroundLight",
         "properties":[
                {
                 "name":"passable",
                 "type":"string",
                 "value":"true"
                }],
         "tile":0
        }],
 "tilecount":338,
 "tiledversion":"1.2.3",
 "tileheight":32,
 "tiles":[
        {
         "id":0,
         "terrain":[0, 0, 0, 0]
        }, 
        {
         "id":1,
         "terrain":[0, 0, 0, 0]
        }, 
        {
         "id":2,
         "terrain":[0, 0, 0, 0]
        }, 
        {
         "id":3,
         "terrain":[0, 0, 0, 0]
        }, 
        {
         "id":4,
         "terrain":[0, 0, 0, 0]
        }, 
        {
         "id":5,
         "terrain":[0, 0, 0, 0]
        }, 
        {
         "id":6,
         "terrain":[0, 0, 0, 0]
        }, 
        {
         "id":7,
         "terrain":[0, 0, 0, 0]
        }, 
        {
         "id":8,
         "terrain":[0, 0, 0, 0]
        }, 
        {
         "id":9,
         "terrain":[0, 0, 0, 0]
        }, 
        {
         "id":10,
         "terrain":[0, 0, 0, 0]
        }, 
        {
         "id":11,
         "terrain":[0, 0, 0, 0]
        }, 
        {
         "id":12,
         "terrain":[0, 0, 0, 0]
        }, 
        {
         "id":13,
         "terrain":[0, 0, 0, 0]
        }, 
        {
         "id":14,
         "terrain":[1, 1, 1, 1]
        }, 
        {
         "id":15,
         "terrain":[1, 1, 1, 1]
        }, 
        {
         "id":16,
         "terrain":[1, 1, 1, 1]
        }, 
        {
         "id":17,
         "terrain":[1, 1, 1, 1]
        }, 
        {
         "id":18,
         "terrain":[1, 1, 1, 1]
        }, 
        {
         "id":19,
         "terrain":[1, 1, 1, 1]
        }, 
        {
         "id":20,
         "terrain":[1, 1, 1, 1]
        }, 
        {
         "id":21,
         "terrain":[1, 1, 1, 1]
        }, 
        {
         "id":22,
         "terrain":[0, 0, 0, 0]
        }, 
        {
         "id":23,
         "terrain":[0, 0, 0, 0]
        }, 
        {
         "id":24,
         "terrain":[0, 0, 0, 0]
        }, 
        {
         "id":25,
         "terrain":[0, 0, 0, 0]
        }, 
        {
         "id":26,
         "terrain":[0, 0, 0, 0]
        }, 
        {
         "id":27,
         "terrain":[1, 1, 1, 1]
        }, 
        {
         "id":28,
         "terrain":[1, 1, 1, 1]
        }, 
        {
         "id":29,
         "terrain":[1, 1, 1, 1]
        }, 
        {
         "id":30,
         "terrain":[1, 1, 1, 1]
        }, 
        {
         "id":31,
         "terrain":[1, 1, 1, 1]
        }, 
        {
         "id":32,
         "terrain":[1, 1, 1, 1]
        }, 
        {
         "id":33,
         "terrain":[1, 1, 1, 1]
        }, 
        {
         "id":34,
         "terrain":[1, 1, 1, 1]
        }, 
        {
         "id":35,
         "terrain":[0, 0, 0, 0]
        }, 
        {
         "id":36,
         "terrain":[0, 0, 0, 0]
        }, 
        {
         "id":37,
         "terrain":[0, 0, 0, 0]
        }, 
        {
         "id":38,
         "terrain":[0, 0, 0, 0]
        }, 
        {
         "id":39,
         "terrain":[0, 0, 0, 0]
        }, 
        {
         "id":40,
         "terrain":[1, 1, 1, 1]
        }, 
        {
         "id":41,
         "terrain":[1, 1, 1, 1]
        }, 
        {
         "id":42,
         "terrain":[1, 1, 1, 1]
        }, 
        {
         "id":43,
         "terrain":[1, 1, 1, 1]
        }, 
        {
         "id":44,
         "terrain":[1, 1, 1, 1]
        }, 
        {
         "id":45,
         "terrain":[1, 1, 1, 1]
        }, 
        {
         "id":46,
         "terrain":[1, 1, 1, 1]
        }, 
        {
         "id":47,
         "terrain":[1, 1, 1, 1]
        }, 
        {
         "id":48,
         "terrain":[0, 0, 0, 0]
        }, 
        {
         "id":49,
         "terrain":[0, 0, 0, 0]
        }, 
        {
         "id":50,
         "terrain":[0, 0, 0, 0]
        }, 
        {
         "id":51,
         "terrain":[0, 0, 0, 0]
        }, 
        {
         "id":52,
         "terrain":[0, 0, 0, 0]
        }, 
        {
         "id":53,
         "terrain":[1, 1, 1, 1]
        }, 
        {
         "id":54,
         "terrain":[1, 1, 1, 1]
        }, 
        {
         "id":55,
         "terrain":[1, 1, 1, 1]
        }, 
        {
         "id":56,
         "terrain":[1, 1, 1, 1]
        }, 
        {
         "id":57,
         "terrain":[1, 1, 1, 1]
        }, 
        {
         "id":58,
         "terrain":[1, 1, 1, 1]
        }, 
        {
         "id":59,
         "terrain":[1, 1, 1, 1]
        }, 
        {
         "id":60,
         "terrain":[1, 1, 1, 1]
        }, 
        {
         "id":61,
         "terrain":[0, 0, 0, 0]
        }, 
        {
         "id":62,
         "terrain":[0, 0, 0, 0]
        }, 
        {
         "id":63,
         "terrain":[0, 0, 0, 0]
        }, 
        {
         "id":64,
         "terrain":[0, 0, 0, 0]
        }, 
        {
         "id":65,
         "terrain":[0, 0, 0, 0]
        }, 
        {
         "id":66,
         "terrain":[1, 1, 1, 1]
        }, 
        {
         "id":67,
         "terrain":[1, 1, 1, 1]
        }, 
        {
         "id":68,
         "terrain":[1, 1, 1, 1]
        }, 
        {
         "id":69,
         "terrain":[1, 1, 1, 1]
        }, 
        {
         "id":70,
         "terrain":[1, 1, 1, 1]
        }, 
        {
         "id":71,
         "terrain":[1, 1, 1, 1]
        }, 
        {
         "id":72,
         "terrain":[1, 1, 1, 1]
        }, 
        {
         "id":73,
         "terrain":[1, 1, 1, 1]
        }, 
        {
         "id":74,
         "terrain":[0, 0, 0, 0]
        }, 
        {
         "id":75,
         "terrain":[0, 0, 0, 0]
        }, 
        {
         "id":76,
         "terrain":[0, 0, 0, 0]
        }, 
        {
         "id":77,
         "terrain":[0, 0, 0, 0]
        }, 
        {
         "id":78,
         "terrain":[0, 0, 0, 0]
        }, 
        {
         "id":79,
         "terrain":[0, 0, 0, 0]
        }, 
        {
         "id":80,
         "terrain":[0, 0, 0, 0]
        }, 
        {
         "id":81,
         "terrain":[0, 0, 0, 0]
        }, 
        {
         "id":82,
         "terrain":[0, 0, 0, 0]
        }, 
        {
         "id":83,
         "terrain":[0, 0, 0, 0]
        }, 
        {
         "id":84,
         "terrain":[0, 0, 0, 0]
        }, 
        {
         "id":85,
         "terrain":[0, 0, 0, 0]
        }, 
        {
         "id":86,
         "terrain":[0, 0, 0, 0]
        }, 
        {
         "id":87,
         "terrain":[0, 0, 0, 0]
        }, 
        {
         "id":88,
         "terrain":[0, 0, 0, 0]
        }, 
        {
         "id":89,
         "terrain":[0, 0, 0, 0]
        }, 
        {
         "id":90,
         "terrain":[0, 0, 0, 0]
        }, 
        {
         "id":91,
         "terrain":[0, 0, 0, 0]
        }, 
        {
         "id":92,
         "terrain":[0, 0, 0, 0]
        }, 
        {
         "id":93,
         "terrain":[0, 0, 0, 0]
        }, 
        {
         "id":94,
         "terrain":[0, 0, 0, 0]
        }, 
        {
         "id":95,
         "terrain":[0, 0, 0, 0]
        }, 
        {
         "id":96,
         "terrain":[0, 0, 0, 0]
        }, 
        {
         "id":97,
         "terrain":[0, 0, 0, 0]
        }, 
        {
         "id":98,
         "terrain":[0, 0, 0, 0]
        }, 
        {
         "id":99,
         "terrain":[0, 0, 0, 0]
        }, 
        {
         "id":100,
         "terrain":[0, 0, 0, 0]
        }, 
        {
         "id":101,
         "terrain":[0, 0, 0, 0]
        }, 
        {
         "id":102,
         "terrain":[0, 0, 0, 0]
        }, 
        {
         "id":103,
         "terrain":[0, 0, 0, 0]
        }, 
        {
         "id":104,
         "terrain":[0, 0, 0, 0]
        }, 
        {
         "id":105,
         "terrain":[0, 0, 0, 0]
        }, 
        {
         "id":106,
         "terrain":[0, 0, 0, 0]
        }, 
        {
         "id":107,
         "terrain":[0, 0, 0, 0]
        }, 
        {
         "id":108,
         "terrain":[0, 0, 0, 0]
        }, 
        {
         "id":109,
         "terrain":[0, 0, 0, 0]
        }, 
        {
         "id":110,
         "terrain":[0, 0, 0, 0]
        }, 
        {
         "id":111,
         "terrain":[0, 0, 0, 0]
        }, 
        {
         "id":112,
         "terrain":[0, 0, 0, 0]
        }, 
        {
         "id":113,
         "terrain":[0, 0, 0, 0]
        }, 
        {
         "id":114,
         "terrain":[0, 0, 0, 0]
        }, 
        {
         "id":115,
         "terrain":[0, 0, 0, 0]
        }, 
        {
         "id":116,
         "terrain":[0, 0, 0, 0]
        }, 
        {
         "id":117,
         "terrain":[0, 0, 0, 0]
        }, 
        {
         "id":118,
         "terrain":[0, 0, 0, 0]
        }, 
        {
         "id":119,
         "terrain":[0, 0, 0, 0]
        }, 
        {
         "id":120,
         "terrain":[0, 0, 0, 0]
        }, 
        {
         "id":121,
         "terrain":[0, 0, 0, 0]
        }, 
        {
         "id":122,
         "terrain":[0, 0, 0, 0]
        }, 
        {
         "id":123,
         "terrain":[0, 0, 0, 0]
        }, 
        {
         "id":124,
         "terrain":[0, 0, 0, 0]
        }, 
        {
         "id":125,
         "terrain":[0, 0, 0, 0]
        }, 
        {
         "id":126,
         "terrain":[0, 0, 0, 0]
        }, 
        {
         "id":127,
         "terrain":[0, 0, 0, 0]
        }, 
        {
         "id":128,
         "terrain":[0, 0, 0, 0]
        }, 
        {
         "id":129,
         "terrain":[0, 0, 0, 0]
        }, 
        {
         "id":130,
         "terrain":[0, 0, 0, 0]
        }, 
        {
         "id":131,
         "terrain":[0, 0, 0, 0]
        }, 
        {
         "id":132,
         "terrain":[0, 0, 0, 0]
        }, 
        {
         "id":133,
         "terrain":[0, 0, 0, 0]
        }, 
        {
         "id":134,
         "terrain":[0, 0, 0, 0]
        }, 
        {
         "id":135,
         "terrain":[0, 0, 0, 0]
        }, 
        {
         "id":136,
         "terrain":[0, 0, 0, 0]
        }, 
        {
         "id":137,
         "terrain":[0, 0, 0, 0]
        }, 
        {
         "id":138,
         "terrain":[0, 0, 0, 0]
        }, 
        {
         "id":139,
         "terrain":[0, 0, 0, 0]
        }, 
        {
         "id":140,
         "terrain":[0, 0, 0, 0]
        }, 
        {
         "id":141,
         "terrain":[0, 0, 0, 0]
        }, 
        {
         "id":142,
         "terrain":[0, 0, 0, 0]
        }, 
        {
         "id":143,
         "terrain":[0, 0, 0, 0]
        }, 
        {
         "id":144,
         "terrain":[0, 0, 0, 0]
        }, 
        {
         "id":145,
         "terrain":[0, 0, 0, 0]
        }, 
        {
         "id":146,
         "terrain":[0, 0, 0, 0]
        }, 
        {
         "id":147,
         "terrain":[0, 0, 0, 0]
        }, 
        {
         "id":148,
         "terrain":[0, 0, 0, 0]
        }, 
        {
         "id":149,
         "terrain":[0, 0, 0, 0]
        }, 
        {
         "id":150,
         "terrain":[0, 0, 0, 0]
        }, 
        {
         "id":151,
         "terrain":[0, 0, 0, 0]
        }, 
        {
         "id":152,
         "terrain":[0, 0, 0, 0]
        }, 
        {
         "id":153,
         "terrain":[0, 0, 0, 0]
        }, 
        {
         "id":154,
         "terrain":[0, 0, 0, 0]
        }, 
        {
         "id":155,
         "terrain":[0, 0, 0, 0]
        }, 
        {
         "id":156,
         "terrain":[0, 0, 0, 0]
        }, 
        {
         "id":157,
         "terrain":[0, 0, 0, 0]
        }, 
        {
         "id":158,
         "terrain":[0, 0, 0, 0]
        }, 
        {
         "id":159,
         "terrain":[0, 0, 0, 0]
        }, 
        {
         "id":160,
         "terrain":[0, 0, 0, 0]
        }, 
        {
         "id":161,
         "terrain":[0, 0, 0, 0]
        }, 
        {
         "id":162,
         "terrain":[0, 0, 0, 0]
        }, 
        {
         "id":163,
         "terrain":[0, 0, 0, 0]
        }, 
        {
         "id":164,
         "terrain":[0, 0, 0, 0]
        }, 
        {
         "id":165,
         "terrain":[0, 0, 0, 0]
        }, 
        {
         "id":166,
         "terrain":[0, 0, 0, 0]
        }, 
        {
         "id":167,
         "terrain":[0, 0, 0, 0]
        }, 
        {
         "id":168,
         "terrain":[0, 0, 0, 0]
        }, 
        {
         "id":169,
         "terrain":[0, 0, 0, 0]
        }, 
        {
         "id":170,
         "terrain":[0, 0, 0, 0]
        }, 
        {
         "id":171,
         "terrain":[0, 0, 0, 0]
        }, 
        {
         "id":172,
         "terrain":[0, 0, 0, 0]
        }, 
        {
         "id":173,
         "terrain":[0, 0, 0, 0]
        }, 
        {
         "id":174,
         "terrain":[0, 0, 0, 0]
        }, 
        {
         "id":175,
         "terrain":[0, 0, 0, 0]
        }, 
        {
         "id":176,
         "terrain":[0, 0, 0, 0]
        }, 
        {
         "id":177,
         "terrain":[0, 0, 0, 0]
        }, 
        {
         "id":178,
         "terrain":[0, 0, 0, 0]
        }, 
        {
         "id":179,
         "terrain":[0, 0, 0, 0]
        }, 
        {
         "id":180,
         "terrain":[0, 0, 0, 0]
        }, 
        {
         "id":181,
         "terrain":[0, 0, 0, 0]
        }, 
        {
         "id":182,
         "terrain":[0, 0, 0, 0]
        }, 
        {
         "id":183,
         "terrain":[0, 0, 0, 0]
        }, 
        {
         "id":184,
         "terrain":[0, 0, 0, 0]
        }, 
        {
         "id":185,
         "terrain":[0, 0, 0, 0]
        }, 
        {
         "id":186,
         "terrain":[0, 0, 0, 0]
        }, 
        {
         "id":187,
         "terrain":[0, 0, 0, 0]
        }, 
        {
         "id":188,
         "terrain":[0, 0, 0, 0]
        }, 
        {
         "id":189,
         "terrain":[0, 0, 0, 0]
        }, 
        {
         "id":190,
         "terrain":[0, 0, 0, 0]
        }, 
        {
         "id":191,
         "terrain":[0, 0, 0, 0]
        }, 
        {
         "id":192,
         "terrain":[0, 0, 0, 0]
        }, 
        {
         "id":193,
         "terrain":[0, 0, 0, 0]
        }, 
        {
         "id":194,
         "terrain":[0, 0, 0, 0]
        }, 
        {
         "id":195,
         "terrain":[0, 0, 0, 0]
        }, 
        {
         "id":196,
         "terrain":[0, 0, 0, 0]
        }, 
        {
         "id":197,
         "terrain":[0, 0, 0, 0]
        }, 
        {
         "id":198,
         "terrain":[0, 0, 0, 0]
        }, 
        {
         "id":199,
         "terrain":[0, 0, 0, 0]
        }, 
        {
         "id":200,
         "terrain":[0, 0, 0, 0]
        }, 
        {
         "id":201,
         "terrain":[0, 0, 0, 0]
        }, 
        {
         "id":202,
         "terrain":[0, 0, 0, 0]
        }, 
        {
         "id":203,
         "terrain":[0, 0, 0, 0]
        }, 
        {
         "id":204,
         "terrain":[0, 0, 0, 0]
        }, 
        {
         "id":205,
         "terrain":[0, 0, 0, 0]
        }, 
        {
         "id":206,
         "terrain":[0, 0, 0, 0]
        }, 
        {
         "id":207,
         "terrain":[0, 0, 0, 0]
        }, 
        {
         "id":208,
         "terrain":[0, 0, 0, 0]
        }, 
        {
         "id":209,
         "terrain":[0, 0, 0, 0]
        }, 
        {
         "id":210,
         "terrain":[0, 0, 0, 0]
        }, 
        {
         "id":211,
         "terrain":[0, 0, 0, 0]
        }, 
        {
         "id":212,
         "terrain":[0, 0, 0, 0]
        }, 
        {
         "id":213,
         "terrain":[0, 0, 0, 0]
        }, 
        {
         "id":214,
         "terrain":[0, 0, 0, 0]
        }, 
        {
         "id":215,
         "terrain":[0, 0, 0, 0]
        }, 
        {
         "id":216,
         "terrain":[0, 0, 0, 0]
        }, 
        {
         "id":217,
         "terrain":[0, 0, 0, 0]
        }, 
        {
         "id":218,
         "terrain":[0, 0, 0, 0]
        }, 
        {
         "id":219,
         "terrain":[0, 0, 0, 0]
        }, 
        {
         "id":220,
         "terrain":[0, 0, 0, 0]
        }, 
        {
         "id":221,
         "terrain":[0, 0, 0, 0]
        }, 
        {
         "id":222,
         "terrain":[0, 0, 0, 0]
        }, 
        {
         "id":223,
         "terrain":[0, 0, 0, 0]
        }, 
        {
         "id":224,
         "terrain":[0, 0, 0, 0]
        }, 
        {
         "id":225,
         "terrain":[0, 0, 0, 0]
        }, 
        {
         "id":226,
         "terrain":[0, 0, 0, 0]
        }, 
        {
         "id":227,
         "terrain":[0, 0, 0, 0]
        }, 
        {
         "id":228,
         "terrain":[0, 0, 0, 0]
        }, 
        {
         "id":229,
         "terrain":[0, 0, 0, 0]
        }, 
        {
         "id":230,
         "terrain":[0, 0, 0, 0]
        }, 
        {
         "id":231,
         "terrain":[0, 0, 0, 0]
        }, 
        {
         "id":232,
         "terrain":[0, 0, 0, 0]
        }, 
        {
         "id":233,
         "terrain":[0, 0, 0, 0]
        }, 
        {
         "id":234,
         "terrain":[0, 0, 0, 0]
        }, 
        {
         "id":235,
         "terrain":[0, 0, 0, 0]
        }, 
        {
         "id":236,
         "terrain":[0, 0, 0, 0]
        }, 
        {
         "id":237,
         "terrain":[0, 0, 0, 0]
        }, 
        {
         "id":238,
         "terrain":[0, 0, 0, 0]
        }, 
        {
         "id":239,
         "terrain":[0, 0, 0, 0]
        }, 
        {
         "id":240,
         "terrain":[0, 0, 0, 0]
        }, 
        {
         "id":241,
         "terrain":[0, 0, 0, 0]
        }, 
        {
         "id":242,
         "terrain":[0, 0, 0, 0]
        }, 
        {
         "id":243,
         "terrain":[0, 0, 0, 0]
        }, 
        {
         "id":244,
         "terrain":[0, 0, 0, 0]
        }, 
        {
         "id":245,
         "terrain":[0, 0, 0, 0]
        }, 
        {
         "id":246,
         "terrain":[0, 0, 0, 0]
        }, 
        {
         "id":247,
         "terrain":[0, 0, 0, 0]
        }, 
        {
         "id":248,
         "terrain":[0, 0, 0, 0]
        }, 
        {
         "id":249,
         "terrain":[0, 0, 0, 0]
        }, 
        {
         "id":250,
         "terrain":[0, 0, 0, 0]
        }, 
        {
         "id":251,
         "terrain":[0, 0, 0, 0]
        }, 
        {
         "id":252,
         "terrain":[0, 0, 0, 0]
        }, 
        {
         "id":253,
         "terrain":[0, 0, 0, 0]
        }, 
        {
         "id":254,
         "terrain":[0, 0, 0, 0]
        }, 
        {
         "id":255,
         "terrain":[0, 0, 0, 0]
        }, 
        {
         "id":256,
         "terrain":[0, 0, 0, 0]
        }, 
        {
         "id":257,
         "terrain":[0, 0, 0, 0]
        }, 
        {
         "id":258,
         "terrain":[0, 0, 0, 0]
        }, 
        {
         "id":259,
         "terrain":[0, 0, 0, 0]
        }, 
        {
         "id":260,
         "terrain":[0, 0, 0, 0]
        }, 
        {
         "id":261,
         "terrain":[0, 0, 0, 0]
        }, 
        {
         "id":262,
         "terrain":[0, 0, 0, 0]
        }, 
        {
         "id":263,
         "terrain":[0, 0, 0, 0]
        }, 
        {
         "id":264,
         "terrain":[0, 0, 0, 0]
        }, 
        {
         "id":265,
         "terrain":[0, 0, 0, 0]
        }, 
        {
         "id":266,
         "terrain":[0, 0, 0, 0]
        }, 
        {
         "id":267,
         "terrain":[0, 0, 0, 0]
        }, 
        {
         "id":268,
         "terrain":[0, 0, 0, 0]
        }, 
        {
         "id":269,
         "terrain":[0, 0, 0, 0]
        }, 
        {
         "id":270,
         "terrain":[0, 0, 0, 0]
        }, 
        {
         "id":271,
         "terrain":[0, 0, 0, 0]
        }, 
        {
         "id":272,
         "terrain":[0, 0, 0, 0]
        }, 
        {
         "id":273,
         "terrain":[0, 0, 0, 0]
        }, 
        {
         "id":274,
         "terrain":[0, 0, 0, 0]
        }, 
        {
         "id":275,
         "terrain":[0, 0, 0, 0]
        }, 
        {
         "id":276,
         "terrain":[0, 0, 0, 0]
        }, 
        {
         "id":277,
         "terrain":[0, 0, 0, 0]
        }, 
        {
         "id":278,
         "terrain":[0, 0, 0, 0]
        }, 
        {
         "id":279,
         "terrain":[0, 0, 0, 0]
        }, 
        {
         "id":280,
         "terrain":[0, 0, 0, 0]
        }, 
        {
         "id":281,
         "terrain":[0, 0, 0, 0]
        }, 
        {
         "id":282,
         "terrain":[0, 0, 0, 0]
        }, 
        {
         "id":283,
         "terrain":[0, 0, 0, 0]
        }, 
        {
         "id":284,
         "terrain":[0, 0, 0, 0]
        }, 
        {
         "id":285,
         "terrain":[0, 0, 0, 0]
        }, 
        {
         "id":286,
         "terrain":[0, 0, 0, 0]
        }, 
        {
         "id":287,
         "terrain":[0, 0, 0, 0]
        }, 
        {
         "id":288,
         "terrain":[0, 0, 0, 0]
        }, 
        {
         "id":289,
         "terrain":[0, 0, 0, 0]
        }, 
        {
         "id":290,
         "terrain":[0, 0, 0, 0]
        }, 
        {
         "id":291,
         "terrain":[0, 0, 0, 0]
        }, 
        {
         "id":292,
         "terrain":[0, 0, 0, 0]
        }, 
        {
         "id":293,
         "terrain":[0, 0, 0, 0]
        }, 
        {
         "id":294,
         "terrain":[0, 0, 0, 0]
        }, 
        {
         "id":295,
         "terrain":[0, 0, 0, 0]
        }, 
        {
         "id":296,
         "terrain":[0, 0, 0, 0]
        }, 
        {
         "id":297,
         "terrain":[0, 0, 0, 0]
        }, 
        {
         "id":298,
         "terrain":[0, 0, 0, 0]
        }, 
        {
         "id":299,
         "terrain":[0, 0, 0, 0]
        }, 
        {
         "id":300,
         "terrain":[0, 0, 0, 0]
        }, 
        {
         "id":301,
         "terrain":[0, 0, 0, 0]
        }, 
        {
         "id":302,
         "terrain":[0, 0, 0, 0]
        }, 
        {
         "id":303,
         "terrain":[0, 0, 0, 0]
        }, 
        {
         "id":304,
         "terrain":[0, 0, 0, 0]
        }, 
        {
         "id":305,
         "terrain":[0, 0, 0, 0]
        }, 
        {
         "id":306,
         "terrain":[0, 0, 0, 0]
        }, 
        {
         "id":307,
         "terrain":[0, 0, 0, 0]
        }, 
        {
         "id":308,
         "terrain":[0, 0, 0, 0]
        }, 
        {
         "id":309,
         "terrain":[0, 0, 0, 0]
        }, 
        {
         "id":310,
         "terrain":[0, 0, 0, 0]
        }, 
        {
         "id":311,
         "terrain":[0, 0, 0, 0]
        }, 
        {
         "id":312,
         "terrain":[0, 0, 0, 0]
        }, 
        {
         "id":313,
         "terrain":[0, 0, 0, 0]
        }, 
        {
         "id":314,
         "terrain":[0, 0, 0, 0]
        }, 
        {
         "id":315,
         "terrain":[0, 0, 0, 0]
        }, 
        {
         "id":316,
         "terrain":[0, 0, 0, 0]
        }, 
        {
         "id":317,
         "terrain":[0, 0, 0, 0]
        }, 
        {
         "id":318,
         "terrain":[0, 0, 0, 0]
        }, 
        {
         "id":319,
         "terrain":[0, 0, 0, 0]
        }, 
        {
         "id":320,
         "terrain":[0, 0, 0, 0]
        }, 
        {
         "id":321,
         "terrain":[0, 0, 0, 0]
        }, 
        {
         "id":322,
         "terrain":[0, 0, 0, 0]
        }, 
        {
         "id":323,
         "terrain":[0, 0, 0, 0]
        }, 
        {
         "id":324,
         "terrain":[0, 0, 0, 0]
        }, 
        {
         "id":325,
         "terrain":[0, 0, 0, 0]
        }, 
        {
         "id":326,
         "terrain":[0, 0, 0, 0]
        }, 
        {
         "id":327,
         "terrain":[0, 0, 0, 0]
        }, 
        {
         "id":328,
         "terrain":[0, 0, 0, 0]
        }, 
        {
         "id":329,
         "terrain":[0, 0, 0, 0]
        }, 
        {
         "id":330,
         "terrain":[0, 0, 0, 0]
        }, 
        {
         "id":331,
         "terrain":[0, 0, 0, 0]
        }, 
        {
         "id":332,
         "terrain":[0, 0, 0, 0]
        }, 
        {
         "id":333,
         "terrain":[0, 0, 0, 0]
        }, 
        {
         "id":334,
         "terrain":[0, 0, 0, 0]
        }, 
        {
         "id":335,
         "terrain":[0, 0, 0, 0]
        }, 
        {
         "id":336,
         "terrain":[0, 0, 0, 0]
        }, 
        {
         "id":337,
         "terrain":[0, 0, 0, 0]
        }],
 "tilewidth":32,
 "type":"tileset",
 "version":1.2
}