{ "columns":15,
 "image":"..\/images\/tiles\/World1Tiles.png",
 "imageheight":288,
 "imagewidth":480,
 "margin":0,
 "name":"World1",
 "spacing":0,
 "terrains":[
        {
         "name":"Ground",
         "properties":[
                {
                 "name":"passable",
                 "type":"string",
                 "value":"false"
                }],
         "tile":31
        }, 
        {
         "name":"Sky",
         "properties":[
                {
                 "name":"passable",
                 "type":"string",
                 "value":"true"
                }],
         "tile":17
        }],
 "tilecount":135,
 "tiledversion":"1.2.4",
 "tileheight":32,
 "tiles":[
        {
         "id":0,
         "terrain":[0, -1, 0, -1]
        }, 
        {
         "id":1,
         "terrain":[0, -1, 0, -1]
        }, 
        {
         "id":2,
         "terrain":[1, 1, 1, 1]
        }, 
        {
         "id":3,
         "terrain":[0, 0, 0, 0]
        }, 
        {
         "id":4,
         "terrain":[0, 0, 0, 0]
        }, 
        {
         "id":5,
         "terrain":[1, 1, 1, 1]
        }, 
        {
         "id":6,
         "terrain":[1, 1, 1, 1]
        }, 
        {
         "id":7,
         "terrain":[1, 1, 1, 1]
        }, 
        {
         "id":8,
         "terrain":[1, 1, 1, 1]
        }, 
        {
         "id":9,
         "terrain":[0, 0, 0, 0]
        }, 
        {
         "id":10,
         "terrain":[0, 0, 0, 0]
        }, 
        {
         "id":11,
         "terrain":[1, 1, 1, 1]
        }, 
        {
         "id":12,
         "terrain":[1, 1, 1, 1]
        }, 
        {
         "id":13,
         "terrain":[1, 1, 1, 1]
        }, 
        {
         "id":14,
         "terrain":[1, 1, 1, 1]
        }, 
        {
         "id":15,
         "terrain":[0, -1, 0, -1]
        }, 
        {
         "id":16,
         "terrain":[0, -1, 0, -1]
        }, 
        {
         "id":17,
         "terrain":[1, 1, 1, 1]
        }, 
        {
         "id":18,
         "terrain":[1, 1, 1, 1]
        }, 
        {
         "id":19,
         "terrain":[1, 1, 1, 1]
        }, 
        {
         "id":20,
         "terrain":[0, 0, 0, 0]
        }, 
        {
         "id":21,
         "terrain":[0, 0, 0, 0]
        }, 
        {
         "id":22,
         "terrain":[0, 0, 0, 0]
        }, 
        {
         "id":23,
         "terrain":[0, 0, 0, 0]
        }, 
        {
         "id":24,
         "terrain":[0, 0, 0, 0]
        }, 
        {
         "id":25,
         "terrain":[0, 0, 0, 0]
        }, 
        {
         "id":26,
         "terrain":[1, 1, 1, 1]
        }, 
        {
         "id":27,
         "terrain":[1, 1, 1, 1]
        }, 
        {
         "id":28,
         "terrain":[1, 1, 1, 1]
        }, 
        {
         "id":29,
         "terrain":[1, 1, 1, 1]
        }, 
        {
         "id":30,
         "terrain":[0, -1, 0, -1]
        }, 
        {
         "id":31,
         "terrain":[0, 0, 0, 0]
        }, 
        {
         "id":32,
         "terrain":[0, 0, 0, 0]
        }, 
        {
         "id":33,
         "terrain":[0, 0, 0, 0]
        }, 
        {
         "id":34,
         "terrain":[0, 0, 0, 0]
        }, 
        {
         "id":35,
         "terrain":[0, 0, 0, 0]
        }, 
        {
         "id":36,
         "terrain":[0, 0, 0, 0]
        }, 
        {
         "id":37,
         "terrain":[0, 0, 0, 0]
        }, 
        {
         "id":38,
         "terrain":[0, 0, 0, 0]
        }, 
        {
         "id":39,
         "terrain":[0, 0, 0, 0]
        }, 
        {
         "id":40,
         "terrain":[0, 0, 0, 0]
        }, 
        {
         "id":41,
         "terrain":[0, 0, 0, 0]
        }, 
        {
         "id":42,
         "terrain":[0, 0, 0, 0]
        }, 
        {
         "id":43,
         "terrain":[0, 0, 0, 0]
        }, 
        {
         "id":44,
         "terrain":[1, 1, 1, 1]
        }, 
        {
         "id":45,
         "terrain":[0, -1, 0, -1]
        }, 
        {
         "id":46,
         "terrain":[0, 0, 0, 0]
        }, 
        {
         "id":47,
         "terrain":[0, 0, 0, 0]
        }, 
        {
         "id":48,
         "terrain":[0, 0, 0, 0]
        }, 
        {
         "id":49,
         "terrain":[0, 0, 0, 0]
        }, 
        {
         "id":50,
         "terrain":[1, 1, 1, 1]
        }, 
        {
         "id":51,
         "terrain":[1, 1, 1, 1]
        }, 
        {
         "id":52,
         "terrain":[1, 1, 1, 1]
        }, 
        {
         "id":53,
         "terrain":[1, 1, 1, 1]
        }, 
        {
         "id":54,
         "terrain":[0, 0, 0, 0]
        }, 
        {
         "id":55,
         "terrain":[0, 0, 0, 0]
        }, 
        {
         "id":56,
         "terrain":[1, 1, 1, 1]
        }, 
        {
         "id":57,
         "terrain":[1, 1, 1, 1]
        }, 
        {
         "id":58,
         "terrain":[1, 1, 1, 1]
        }, 
        {
         "id":59,
         "terrain":[1, 1, 1, 1]
        }, 
        {
         "id":60,
         "terrain":[0, -1, 0, -1]
        }, 
        {
         "id":61,
         "terrain":[0, 0, 0, 0]
        }, 
        {
         "id":62,
         "terrain":[0, 0, 0, 0]
        }, 
        {
         "id":63,
         "terrain":[0, 0, 0, 0]
        }, 
        {
         "id":64,
         "terrain":[0, 0, 0, 0]
        }, 
        {
         "id":65,
         "terrain":[0, 0, 0, 0]
        }, 
        {
         "id":66,
         "terrain":[0, 0, 0, 0]
        }, 
        {
         "id":67,
         "terrain":[1, 1, 1, 1]
        }, 
        {
         "id":68,
         "terrain":[1, 1, 1, 1]
        }, 
        {
         "id":69,
         "terrain":[1, 1, 1, 1]
        }, 
        {
         "id":70,
         "terrain":[1, 1, 1, 1]
        }, 
        {
         "id":71,
         "terrain":[1, 1, 1, 1]
        }, 
        {
         "id":72,
         "terrain":[1, 1, 1, 1]
        }, 
        {
         "id":73,
         "terrain":[1, 1, 1, 1]
        }, 
        {
         "id":74,
         "terrain":[1, 1, 1, 1]
        }, 
        {
         "id":75,
         "terrain":[0, -1, 0, -1]
        }, 
        {
         "id":76,
         "terrain":[0, 0, 0, 0]
        }, 
        {
         "id":77,
         "terrain":[0, 0, 0, 0]
        }, 
        {
         "id":78,
         "terrain":[0, 0, 0, 0]
        }, 
        {
         "id":79,
         "terrain":[0, 0, 0, 0]
        }, 
        {
         "id":80,
         "terrain":[0, 0, 0, 0]
        }, 
        {
         "id":81,
         "terrain":[0, 0, -1, -1]
        }, 
        {
         "id":82,
         "terrain":[0, 0, -1, -1]
        }, 
        {
         "id":83,
         "terrain":[0, 0, -1, -1]
        }, 
        {
         "id":84,
         "terrain":[0, 0, -1, -1]
        }, 
        {
         "id":85,
         "terrain":[0, 0, -1, -1]
        }, 
        {
         "id":86,
         "terrain":[0, 0, -1, -1]
        }, 
        {
         "id":87,
         "terrain":[0, 0, -1, -1]
        }, 
        {
         "id":88,
         "terrain":[0, 0, -1, -1]
        }, 
        {
         "id":89,
         "terrain":[0, 0, -1, -1]
        }, 
        {
         "id":90,
         "terrain":[0, -1, 0, -1]
        }, 
        {
         "id":91,
         "terrain":[0, 0, 0, -1]
        }, 
        {
         "id":92,
         "terrain":[0, 0, -1, -1]
        }, 
        {
         "id":93,
         "terrain":[0, 0, -1, -1]
        }, 
        {
         "id":94,
         "terrain":[0, 0, -1, -1]
        }, 
        {
         "id":95,
         "terrain":[0, 0, -1, -1]
        }, 
        {
         "id":96,
         "terrain":[0, 0, -1, -1]
        }, 
        {
         "id":97,
         "terrain":[0, 0, -1, -1]
        }, 
        {
         "id":98,
         "terrain":[0, 0, -1, -1]
        }, 
        {
         "id":99,
         "terrain":[0, 0, -1, -1]
        }, 
        {
         "id":100,
         "terrain":[0, 0, -1, -1]
        }, 
        {
         "id":101,
         "terrain":[0, 0, -1, -1]
        }, 
        {
         "id":102,
         "terrain":[0, 0, -1, -1]
        }, 
        {
         "id":103,
         "terrain":[0, 0, -1, -1]
        }, 
        {
         "id":104,
         "terrain":[0, 0, -1, -1]
        }, 
        {
         "id":105,
         "terrain":[0, -1, 0, -1]
        }, 
        {
         "id":106,
         "terrain":[0, 0, 0, -1]
        }, 
        {
         "id":107,
         "terrain":[0, 0, -1, -1]
        }, 
        {
         "id":108,
         "terrain":[0, 0, -1, -1]
        }, 
        {
         "id":109,
         "terrain":[0, 0, -1, -1]
        }, 
        {
         "id":110,
         "terrain":[0, 0, -1, -1]
        }, 
        {
         "id":111,
         "terrain":[0, 0, -1, -1]
        }, 
        {
         "id":112,
         "terrain":[0, 0, -1, -1]
        }, 
        {
         "id":113,
         "terrain":[0, 0, -1, -1]
        }, 
        {
         "id":114,
         "terrain":[0, 0, 0, 0]
        }, 
        {
         "id":115,
         "terrain":[0, 0, 0, 0]
        }, 
        {
         "id":116,
         "terrain":[0, 0, 0, -1]
        }, 
        {
         "id":117,
         "terrain":[0, 0, -1, -1]
        }, 
        {
         "id":118,
         "terrain":[0, 0, -1, -1]
        }, 
        {
         "id":119,
         "terrain":[0, 0, -1, -1]
        }, 
        {
         "id":120,
         "terrain":[0, 0, 0, -1]
        }, 
        {
         "id":121,
         "terrain":[0, 0, 0, -1]
        }, 
        {
         "id":122,
         "terrain":[0, 0, -1, -1]
        }, 
        {
         "id":123,
         "terrain":[0, 0, -1, -1]
        }, 
        {
         "id":124,
         "terrain":[0, 0, -1, -1]
        }, 
        {
         "id":125,
         "terrain":[0, 0, -1, -1]
        }, 
        {
         "id":126,
         "terrain":[0, 0, -1, -1]
        }, 
        {
         "id":127,
         "terrain":[0, 0, -1, -1]
        }, 
        {
         "id":128,
         "terrain":[0, 0, -1, -1]
        }, 
        {
         "id":129,
         "terrain":[0, 0, -1, -1]
        }, 
        {
         "id":130,
         "terrain":[0, 0, -1, -1]
        }, 
        {
         "id":131,
         "terrain":[0, 0, -1, -1]
        }, 
        {
         "id":132,
         "terrain":[0, 0, -1, -1]
        }, 
        {
         "id":133,
         "terrain":[0, 0, -1, -1]
        }, 
        {
         "id":134,
         "terrain":[0, 0, -1, -1]
        }],
 "tilewidth":32,
 "type":"tileset",
 "version":1.2
}