

{
    
    "ControllerData" : {

        "default": {
            "acceleration": 0.03, "deceleration": 0.12, "aerialAcc": 0.02, "aerialDec": 0.02,
            "maxSpeed": 3.6, "jumpHeight": 80, "shortJumpHeight": 18, "timeToJumpApex": 28, "gCoefficient": 45,
            "maxJumps": 2, "inheritJumps": true
        },
        "flyingDefault": {
            "acceleration": 0.03, "deceleration": 0.12, "aerialAcc": 0.02, "aerialDec": 0.02,
            "maxSpeed": 4, "jumpHeight": 80, "shortJumpHeight": 18, "timeToJumpApex": 28,
            "maxJumps": 2, "inheritJumps": true, "isFlying": true
        },

        "paceController": {
            "acceleration": 0.2, "deceleration": 0.2, "aerialAcc": 0.02, "aerialDec": 0.02,
            "maxSpeed": 1, "jumpHeight": 80, "shortJumpHeight": 18, "timeToJumpApex": 28,
            "maxJumps": 2, "inheritJumps": true
        },
        "paceFlyingController": {
            "acceleration": 0.2, "deceleration": 0.2, "aerialAcc": 0.02, "aerialDec": 0.02,
            "maxSpeed": 1, "jumpHeight": 80, "shortJumpHeight": 18, "timeToJumpApex": 28,
            "maxJumps": 2, "inheritJumps": true, "isFlying": true
        },
        "chaseController": {
            "acceleration": 0.2, "deceleration": 0.2, "aerialAcc": 0.02, "aerialDec": 0.02,
            "maxSpeed": 2, "jumpHeight": 80, "shortJumpHeight": 18, "timeToJumpApex": 28,
            "maxJumps": 2, "inheritJumps": true
        },

        "frozenMidair": {
            "acceleration": 0.03, "deceleration": 0.12, "aerialAcc": 0.02, "aerialDec": 0.02,
            "maxSpeed": 0, "jumpHeight": 80, "shortJumpHeight": 18, "timeToJumpApex": 28, "gCoefficient": 0,
            "maxJumps": 0, "inheritJumps": false, "resetVelocity": true, "isFlying": true
        },

        "gravityFree": {
            "acceleration": 0.03, "deceleration": 0.12, "aerialAcc": 0.02, "aerialDec": 0.02,
            "maxSpeed": 4, "jumpHeight": 80, "shortJumpHeight": 18, "timeToJumpApex": 28, "gCoefficient": 0,
            "maxJumps": 2, "inheritJumps": true, "resetVelocity": true, "isFlying": true
        },
        
        "aerialAttackMain": {
            "staticVelocityX": 0, "staticVelocityY": 8,
            "acceleration": 0.03, "deceleration": 0.12, "aerialAcc": 0.02, "aerialDec": 0.02,
            "maxSpeed": 0, "jumpHeight": 80, "shortJumpHeight": 18, "timeToJumpApex": 28,
            "maxJumps": 0
        },
        "aerialStun": {
            "forceY": -2,
            "acceleration": 0.03, "deceleration": 0.12, "aerialAcc": 0.02, "aerialDec": 0.02,
            "maxSpeed": 1, "jumpHeight": 50, "shortJumpHeight": 18, "timeToJumpApex": 28, "gCoefficient": 40,
            "maxJumps": 0, "acceptInput": false
        },
        
        "chargeWindup": {
            "acceleration": 0, "deceleration": 0, "aerialAcc": 0, "aerialDec": 0.02,
            "maxSpeed": 0, "jumpHeight": 0, "shortJumpHeight": 0, "timeToJumpApex": 28,
            "maxJumps": 0, "acceptInput": false, "resetVerticalVel": true
        },
        "chargeAttack": {
            "staticVelocityX": 5.5, "forceY": -1.3,
            "acceleration": 0.03, "deceleration": 0.12, "aerialAcc": 0.02, "aerialDec": 0.02,
            "maxSpeed": 0, "jumpHeight": 50, "shortJumpHeight": 18, "timeToJumpApex": 28, "gCoefficient": 40,
            "maxJumps": 0, "acceptInput": false
        },
        "chargeAttackWeak": {
            "staticVelocityX": 3, "forceY": -1.3,
            "acceleration": 0.03, "deceleration": 0.12, "aerialAcc": 0.02, "aerialDec": 0.02,
            "maxSpeed": 0, "jumpHeight": 50, "shortJumpHeight": 18, "timeToJumpApex": 28, "gCoefficient": 40,
            "maxJumps": 0, "acceptInput": false
        },
        "chargeAttackSlide": {
            "acceleration": 0.03, "deceleration": 0.08, "aerialAcc": 0.02, "aerialDec": 0.01,
            "maxSpeed": 4, "jumpHeight": 50, "shortJumpHeight": 18, "timeToJumpApex": 28, "gCoefficient": 40,
            "maxJumps": 0, "acceptInput": false
        },
        "chargeKnockback" : {
            "forceX": -2, "forceY": -1.8,
            "acceleration": 0.03, "deceleration": 0.12, "aerialAcc": 0.02, "aerialDec": 0.02,
            "maxSpeed": 4, "jumpHeight": 80, "shortJumpHeight": 18, "timeToJumpApex": 28,
            "maxJumps": 0, "acceptInput": false
        },
        
        "releaseFlip": {
            "forceY": -3.2,
            "acceleration": 0.03, "deceleration": 0.12, "aerialAcc": 0.015, "aerialDec": 0.015,
            "maxSpeed": 2, "jumpHeight": 50, "shortJumpHeight": 18, "timeToJumpApex": 28, "gCoefficient": 30,
            "maxJumps": 0, "resetVerticalVel": true
        },
        "comboFlip": {
            "forceY": -3,
            "acceleration": 0.03, "deceleration": 0.12, "aerialAcc": 0.025, "aerialDec": 0.025,
            "maxSpeed": 2, "jumpHeight": 50, "shortJumpHeight": 18, "timeToJumpApex": 28, "gCoefficient": 20,
            "maxJumps": 2, "inheritJumps": true, "resetVerticalVel": true
        }


    },

    
    "HitboxData" : {

        "aerialAttackMain": {
            "x": 2, "y": 25, "width": 20, "height": 10
        },

        "chargeAttack": {
            "x": 0, "y": 2, "width": 10, "height": 26
        }

    },

    

    "AttackData" : {

        "aerialMain": {
            "duration": 60, "animation": "Slam", "controller": "aerialAttackMain", "hitBoxes": ["aerialAttackMain"], 
            "aerial": true, "immune": true, "comboPiece": true,
            "effects": [
                { "name": "SlamDustEffect", "direction": "vertical", "originX": 0.3, "originY": -1, "randomVel": true, "distanceInterval": true },
                { "name": "DownChargeLinesEffect", "direction": "vertical", "originX": -0.3, "originY": 0.2, "distanceInterval": true }
            ]
        },
        "aerialRecovery": {
            "duration": 50, "animation": "SlamStun", "controller": "aerialStun", "hitBoxes": [], 
            "directional": true
        },

        "chargeWindup": {
            "duration": 20, "animation": "ChargeWindup", "controller": "chargeWindup", "hitBoxes": [], 
            "directional": true
        },
        "chargeMain": {
            "duration": 15, "animation": "Charge", "controller": "chargeAttack", "hitBoxes": ["chargeAttack"], 
            "directional": true, "immune": true, "comboPiece": true,
            "effects": [
                { "name": "ChargeDustEffect", "direction": "horizontal",  "originX": -1, "originY": 1, "randomVel": true, "distanceInterval": true },
                { "name": "ChargeLinesEffect", "orientationBased": true, "direction": "horizontal", "originX": 0.8, "originY": -0.2, "distanceInterval": true }
            ]
        },
        "chargeSlide": {
            "duration": 50, "animation": "ChargeSlide", "controller": "chargeAttackSlide", "hitBoxes": [], 
            "directional": true
        },
        
        "chargeWindupWeak": {
            "duration": 5, "animation": "ChargeWindup", "controller": "chargeWindup", "hitBoxes": [], 
            "directional": true
        },
        "chargeMainWeak": {
            "duration": 15, "animation": "Charge", "controller": "chargeAttackWeak", "hitBoxes": ["chargeAttack"],
            "directional": true, "immune": true, "comboPiece": true,
            "effects": [
                { "name": "ChargeDustEffect", "direction": "horizontal", "originX": -1, "originY": 1, "randomVel": true, "distanceInterval": true }
            ]
        },
        "chargeSlideWeak": {
            "duration": 50, "animation": "ChargeSlide", "controller": "chargeAttackSlide", "hitBoxes": [], 
            "directional": true
        },
        "chargeKnockback": {
            "duration": 50, "animation": "Knockback", "controller": "chargeKnockback", "hitBoxes": [], 
            "directional": true
        },

        "releaseFlip": {
            "duration": 100, "animation": "CancelFlip", "controller": "releaseFlip", "hitBoxes": [],
            "directional": true, "aerial": true
        },
        "comboFlip": {
            "duration": 50, "animation": "FrontFlip", "controller": "comboFlip", "hitBoxes": [],
            "directional": true, "aerial": true
        }
        
    }




}