{
    "ScreenWrapEffect": {
        "screenWrap": true,
        "randomSpawn": true,
        "foreground": true,
        "areaSpansMap": true,
        "numOfParticles": 40,

        "particles": [{
            "lifeSpan": "-1",
            "mass": "1", "size": "2,2",
            "color": "#494d7e",
            "usesPhysics": false,
            "startVelocity": "0,0", "targetVelocity": "random", "acceleration": "1, 1", "maxSpeed": "1"
        }]
    },
    "ExplosionEffect": {
        "oneOff" : true,
        "numOfParticles": 200,

        "particles": [{
            "lifeSpan": "10~80",
            "mass": "1", "size": "2,2",
            "usesPhysics": false,
            "startVelocity": "random", "targetVelocity": "0,0", "acceleration": ".10,.10", "maxSpeed": "5~15"
        }]
    },
    "SpriteExplosionEffect": {
        "oneOff" : true,
        "numOfParticles": 50,

        "particles": [{
            "sprite": "ShardOfLove",
            "frames": { "width": 36, "height": 54, "regX": 0, "regY": 0, "count": 8 },
            "animations": "{ \"idle\": [0, 7, \"idle\", 0.2] }",
            "defaultAnimation": "idle", "randomStartFrame": true,

            "lifeSpan": "60~120",
            "mass": "1", "size": "2,2",
            "usesPhysics": false,
            "startVelocity": "random", "targetVelocity": "0,0", "acceleration": ".10,.10", "maxSpeed": "5~25"
        }]
    },

    "PlayerAttractEffect": {
        "numOfParticles": 100,
        "randomSpawn": true,
        "effectArea": "256,256", "effectAreaAlignment": "center",
        
        "attraction": "player",
        "physics": {
            "gConstant": 5, "frictionStrength": 5, "distanceFloor": 48, "distanceCeiling": 128
        },
        "particles": [{
            "lifeSpan": "-1",
            "mass": "1~10", "size": "4,4",
            "color": "#f2d3ab",
            "usesPhysics": true,
            "startVelocity": "0,0", "targetVelocity": "0,0", "acceleration": "1,1", "maxSpeed": "3.5"
        }]
    },
    "PlayerRepulseEffect": {
        "numOfParticles": 100,
        "randomSpawn": true,
        "effectArea": "128,128", "effectAreaAlignment": "center",
        
        "repulsion": "player",
        "physics": {
            "gConstant": 2, "frictionStrength": 10, "distanceFloor": 48, "distanceCeiling": 1200
        },
        "particles": [
            {
                "lifeSpan": "-1",
                "mass": "2", "size": "4,4", "color": "#c69fa5",
                "usesPhysics": true,
                "acceleration": "1,1", "maxSpeed": "3.5"
            }, {
                "lifeSpan": "-1",
                "mass": "4", "size": "4,4", "color": "#8b6d9c",
                "usesPhysics": true,
                "acceleration": "1,1", "maxSpeed": "3.5"
            }
        ]
    },
    "ParticleAttractEffect": {
        "numOfParticles": 30,
        "randomSpawn": true,
        "effectArea": "128,128", "effectAreaAlignment": "center",
        
        "attraction": "particles",
        "physics": {
            "gConstant": 5, "frictionStrength": 5, "distanceFloor": 48, "distanceCeiling": 128
        },
        "particles": [
            {
                "lifeSpan": "-1",
                "mass": "2", "shape": "circle", "size": "2,2", "color": "#8b6d9c",
                "usesPhysics": true,
                "acceleration": "1,1", "maxSpeed": "3.5"
            }, {
                "lifeSpan": "-1",
                "mass": "6", "shape": "circle", "size": "4,4", "color": "#c69fa5",
                "usesPhysics": true,
                "acceleration": "1,1", "maxSpeed": "3.5"
            }, {
                "lifeSpan": "-1",
                "mass": "12", "shape": "circle", "size": "8,8", "color": "#ffffff",
                "usesPhysics": true,
                "acceleration": "1,1", "maxSpeed": "3.5"
            }
        ]
    },

    
    "DeathEffect": {
        "oneOff" : true, "numOfParticles": 30,

        "particles": [{
            "sprite": "JidanBit",
            "frames": { "width": 16, "height": 16, "regX": 0, "regY": 0, "count": 5 },
            "animations": "{ \"idle\": [0, 4, \"idle\", 0.5] }", "defaultAnimation": "idle", "randomStartFrame": true,

            "lifeSpan": "80~160", "fadeOutTime": 30, "tween": "shrink",
            "startVelocity": "random", "targetVelocity": "-0.3~0.3,-0.3~0.3", "acceleration": ".15,.15", "maxSpeed": "5~10"
        }]
    },
    "RespawnEffect": {
        "oneOff" : true, "foreground": true, "numOfParticles": 64,
        "randomSpawn": true, "effectArea": "112,112", "effectAreaAlignment": "center",

        "attraction": "player",
        "physics": {
            "gConstant": 5, "frictionStrength": 5, "distanceFloor": 48, "distanceCeiling": 128
        },
        "particles": [{
            "sprite": "JidanBit",
            "frames": { "width": 16, "height": 16, "regX": 0, "regY": 0, "count": 5 },
            "animations": "{ \"idle\": [0, 4, \"idle\", 0.5] }", "defaultAnimation": "idle", "randomStartFrame": true,

            "lifeSpan": "60", "tween": "expand", "fadeOut": true, "fadeOutTime": 10,
            "mass": "1", "startVelocity": "0,0", "targetVelocity": "0,0", "acceleration": "1,1", "maxSpeed": "3.5", "usesPhysics": true
        }]
    },

    "CollectibleEffect": {
        "oneOff" : true, "numOfParticles": 20,

        "particles": [{
            "sprite": "JidanBit",
            "frames": { "width": 16, "height": 16, "regX": 0, "regY": 0, "count": 5 },
            "animations": "{ \"idle\": [0, 4, \"idle\", 0.5] }", "defaultAnimation": "idle", "randomStartFrame": true,

            "lifeSpan": "60~120", "fadeOut": true, "fadeOutTime": 60, "tween": "shrink",
            "startVelocity": "random", "targetVelocity": "-0.3~0.3,-0.3~0.3", "acceleration": ".20,.20", "maxSpeed": "5~10"
        }]
    },

    "rightChargeLinesEffect": {
        "numOfParticles": 3, "spawnInterval": 16,
        "particles": [{
            "sprite": "DashLinesH",
            "frames": { "width": 40, "height": 46, "regX": 0, "regY": 0, "count": 16 },
            "animations": "{ \"idle\": [0, 7, \"finished\", 0.5], \"finished\": 7 }", "defaultAnimation": "idle", "randomStartFrame": false,
            "lifeSpan": "20", "startVelocity": "0,0", "targetVelocity": "0,0", "acceleration": ".02,.02", "maxSpeed": "5~15"
        }]
    },
    "leftChargeLinesEffect": {
        "numOfParticles": 3, "spawnInterval": 16,
        "particles": [{
            "sprite": "DashLinesH",
            "frames": { "width": 40, "height": 46, "regX": 0, "regY": 0, "count": 16 },
            "animations": "{ \"idle\": [8, 15, \"finished\", 0.5], \"finished\": 15 }", "defaultAnimation": "idle", "randomStartFrame": false,
            "lifeSpan": "20", "startVelocity": "0,0", "targetVelocity": "0,0", "acceleration": ".02,.02", "maxSpeed": "5~15"
        }]
    },
    "DownChargeLinesEffect": {
        "numOfParticles": 3, "spawnInterval": 16,
        "particles": [{
            "sprite": "DashLinesV",
            "frames": { "width": 46, "height": 40, "regX": 0, "regY": 0, "count": 8 },
            "animations": "{ \"idle\": [0, 7, \"finished\", 0.5], \"finished\": 7 }", "defaultAnimation": "idle", "randomStartFrame": false,
            "lifeSpan": "20", "startVelocity": "0,0", "targetVelocity": "0,0", "acceleration": ".02,.02", "maxSpeed": "5~15"
        }]
    },
    
    "CancelEffect": {
        "oneOff": true, "numOfParticles": 1,
        "particles": [{
            "sprite": "CancelLines", "frames": { "width": 74, "height": 54, "regX": 0, "regY": 0, "count": 7 },
            "animations": "{ \"idle\": [0, 6, \"finished\", 0.5], \"finished\": 6 }", "defaultAnimation": "idle", "randomStartFrame": false,
            "lifeSpan": "15", "startVelocity": "0,0", "targetVelocity": "0,0", "acceleration": ".02,.02", "maxSpeed": "5~15"
        }]
    },

    "SlamDustEffect": {
        "numOfParticles": 100, "spawnInterval": 24,

        "particles": [{
            "sprite": "DustParticle",
            "frames": { "width": 12, "height": 10, "regX": 0, "regY": 0, "count": 9 },
            "animations": "{ \"idle\": [0, 8, \"finished\", 0.35], \"finished\": 8 }", "defaultAnimation": "idle", "randomStartFrame": false,

            "lifeSpan": "30~50", "startVelocity": "-2.1~2.1,-2.1~0.1", "targetVelocity": "0,0", "acceleration": ".02,.02", "maxSpeed": "5~15"
        }]
    },
    "ChargeDustEffect": {
        "numOfParticles": 100, "spawnInterval": 16,

        "particles": [{
            "sprite": "DustParticle",
            "frames": { "width": 12, "height": 10, "regX": 0, "regY": 0, "count": 9 },
            "animations": "{ \"idle\": [0, 8, \"finished\", 0.3], \"finished\": 8 }", "defaultAnimation": "idle", "randomStartFrame": false,

            "lifeSpan": "30~50", "startVelocity": "-2.1~2.1,-2.1~0.1", "targetVelocity": "0,0", "acceleration": ".02,.02", "maxSpeed": "5~15"
        }]
    },
    "WalkDustEffect": {
        "oneOff" : true, "numOfParticles": 3,

        "particles": [{
            "sprite": "DustParticle",
            "frames": { "width": 12, "height": 10, "regX": 0, "regY": 0, "count": 9 },
            "animations": "{ \"idle\": [0, 8, \"finished\", 0.2], \"finished\": 8 }", "defaultAnimation": "idle", "randomStartFrame": false,

            "lifeSpan": "30~50", "startVelocity": "-1.0~-0.5, -1.0~-0.2", "targetVelocity": "0,0", "acceleration": ".02,.02", "maxSpeed": "5~15"
        }]
    },
    "JumpDustEffect": {
        "oneOff" : true, "numOfParticles": 5,

        "particles": [{
            "sprite": "DustParticle",
            "frames": { "width": 12, "height": 10, "regX": 0, "regY": 0, "count": 9 },
            "animations": "{ \"idle\": [0, 8, \"finished\", 0.2], \"finished\": 8 }", "defaultAnimation": "idle", "randomStartFrame": false,

            "lifeSpan": "60~80", "startVelocity": "-0.8~0.8, -1.0~0.2", "targetVelocity": "0,0", "acceleration": ".02,.02", "maxSpeed": "5~15"
        }]
    },
    "FallDustEffect": {
        "oneOff" : true, "numOfParticles": 3,

        "particles": [{
            "sprite": "DustParticle",
            "frames": { "width": 12, "height": 10, "regX": 0, "regY": 0, "count": 9 },
            "animations": "{ \"idle\": [0, 8, \"finished\", 0.25], \"finished\": 8 }", "defaultAnimation": "idle", "randomStartFrame": false,

            "lifeSpan": "40~60", "startVelocity": "-1.6~1.6, -0.4~-0.1", "targetVelocity": "0,0", "acceleration": ".02,.02", "maxSpeed": "5~15"
        }]
    },
    
    "DirtEffect": {
        "oneOff" : true, "foreground": true, "numOfParticles": 6,

        "particles": [{
            "sprite": "DirtParticle",
            "frames": { "width": 8, "height": 8, "regX": 0, "regY": 0, "count": 1 }, "animations": "{ \"idle\": 0 }", "defaultAnimation": "idle", "randomStartFrame": false,

            "lifeSpan": "30~50", "startVelocity": "-2.0~-0.5, -2.0~-0.5", "targetVelocity": "0,4", "acceleration": ".02,.04", "maxSpeed": "5~15"
        }]
    },
    "SlamStunEffect": {
        "oneOff" : true, "foreground": true, "numOfParticles": 6,

        "particles": [{
            "sprite": "DirtParticle",
            "frames": { "width": 8, "height": 8, "regX": 0, "regY": 0, "count": 1 }, "animations": "{ \"idle\": 0 }", "defaultAnimation": "idle", "randomStartFrame": false,

            "lifeSpan": "30~50", "startVelocity": "-2.5~2.5, -5~-0.5", "targetVelocity": "0,4", "acceleration": ".02,.04", "maxSpeed": "5~15"
        }]
    },

    "EnemyDeathEffect": {
        "oneOff" : true, "numOfParticles": 15,
        "randomSpawn": true, "effectArea": "32,32", "effectAreaAlignment": "center",

        "particles": [{
            "sprite": "DustParticle2",
            "frames": { "width": 16, "height": 16, "regX": 0, "regY": 0, "count": 11 },
            "animations": "{ \"idle\": [0, 10, \"finished\", 0.4], \"finished\": 10 }", "defaultAnimation": "idle", "randomStartFrame": false,

            "lifeSpan": "30~40", "startVelocity": "-0.8~0.8, -1~-0.5", "targetVelocity": "0,0", "acceleration": ".02,.02", "maxSpeed": "5~15"
        }]
    },
    "DamageEffect": {
        "oneOff" : true, "foreground": true, "numOfParticles": 10,

        "particles": [
            {
                "sprite": "DamageStars",
                "frames": { "width": 28, "height": 28, "regX": 0, "regY": 0, "count": 36 }, "randomStartFrame": false,
                "animations": "{ \"idle1\": [0, 5, \"finished1\", 0.35], \"finished1\": 5, \"idle2\": [6, 11, \"finished2\", 0.35], \"finished2\": 11, \"idle3\": [12, 17, \"finished3\", 0.35], \"finished3\": 17, \"idle4\": [18, 23, \"finished4\", 0.35], \"finished4\": 23, \"idle5\": [24, 29, \"finished5\", 0.35], \"finished5\": 29, \"idle6\": [30, 35, \"finished6\", 0.35], \"finished6\": 35 }", 
                
                "defaultAnimation": "idle1", "lifeSpan": "20~40", "fadeOutTime": 10,
                "startVelocity": "-1.6~1.6, -0.4~-0.1", "targetVelocity": "0,0", "acceleration": ".03,.03", "maxSpeed": "10~16"
            }, {
                "sprite": "DamageStars",
                "frames": { "width": 28, "height": 28, "regX": 0, "regY": 0, "count": 36 }, "randomStartFrame": false,
                "animations": "{ \"idle1\": [0, 5, \"finished1\", 0.35], \"finished1\": 5, \"idle2\": [6, 11, \"finished2\", 0.35], \"finished2\": 11, \"idle3\": [12, 17, \"finished3\", 0.35], \"finished3\": 17, \"idle4\": [18, 23, \"finished4\", 0.35], \"finished4\": 23, \"idle5\": [24, 29, \"finished5\", 0.35], \"finished5\": 29, \"idle6\": [30, 35, \"finished6\", 0.35], \"finished6\": 35 }", 
                
                "defaultAnimation": "idle2", "lifeSpan": "20~40", "fadeOutTime": 10,
                "startVelocity": "-1.6~1.6, -0.4~-0.1", "targetVelocity": "0,0", "acceleration": ".03,.03", "maxSpeed": "10~16"
            }, {
                "sprite": "DamageStars",
                "frames": { "width": 28, "height": 28, "regX": 0, "regY": 0, "count": 36 }, "randomStartFrame": false,
                "animations": "{ \"idle1\": [0, 5, \"finished1\", 0.35], \"finished1\": 5, \"idle2\": [6, 11, \"finished2\", 0.35], \"finished2\": 11, \"idle3\": [12, 17, \"finished3\", 0.35], \"finished3\": 17, \"idle4\": [18, 23, \"finished4\", 0.35], \"finished4\": 23, \"idle5\": [24, 29, \"finished5\", 0.35], \"finished5\": 29, \"idle6\": [30, 35, \"finished6\", 0.35], \"finished6\": 35 }", 
                
                "defaultAnimation": "idle3", "lifeSpan": "20~40", "fadeOutTime": 10,
                "startVelocity": "-1.6~1.6, -0.4~-0.1", "targetVelocity": "0,0", "acceleration": ".03,.03", "maxSpeed": "10~16"
            }, {
                "sprite": "DamageStars",
                "frames": { "width": 28, "height": 28, "regX": 0, "regY": 0, "count": 36 }, "randomStartFrame": false,
                "animations": "{ \"idle1\": [0, 5, \"finished1\", 0.35], \"finished1\": 5, \"idle2\": [6, 11, \"finished2\", 0.35], \"finished2\": 11, \"idle3\": [12, 17, \"finished3\", 0.35], \"finished3\": 17, \"idle4\": [18, 23, \"finished4\", 0.35], \"finished4\": 23, \"idle5\": [24, 29, \"finished5\", 0.35], \"finished5\": 29, \"idle6\": [30, 35, \"finished6\", 0.35], \"finished6\": 35 }", 
                
                "defaultAnimation": "idle4", "lifeSpan": "20~40", "fadeOutTime": 10,
                "startVelocity": "-1.6~1.6, -0.4~-0.1", "targetVelocity": "0,0", "acceleration": ".03,.03", "maxSpeed": "10~16"
            }, {
                "sprite": "DamageStars",
                "frames": { "width": 28, "height": 28, "regX": 0, "regY": 0, "count": 36 }, "randomStartFrame": false,
                "animations": "{ \"idle1\": [0, 5, \"finished1\", 0.35], \"finished1\": 5, \"idle2\": [6, 11, \"finished2\", 0.35], \"finished2\": 11, \"idle3\": [12, 17, \"finished3\", 0.35], \"finished3\": 17, \"idle4\": [18, 23, \"finished4\", 0.35], \"finished4\": 23, \"idle5\": [24, 29, \"finished5\", 0.35], \"finished5\": 29, \"idle6\": [30, 35, \"finished6\", 0.35], \"finished6\": 35 }", 
                
                "defaultAnimation": "idle5", "lifeSpan": "20~40", "fadeOutTime": 10,
                "startVelocity": "-1.6~1.6, -0.4~-0.1", "targetVelocity": "0,0", "acceleration": ".03,.03", "maxSpeed": "10~16"
            }, {
                "sprite": "DamageStars",
                "frames": { "width": 28, "height": 28, "regX": 0, "regY": 0, "count": 36 }, "randomStartFrame": false,
                "animations": "{ \"idle1\": [0, 5, \"finished1\", 0.35], \"finished1\": 5, \"idle2\": [6, 11, \"finished2\", 0.35], \"finished2\": 11, \"idle3\": [12, 17, \"finished3\", 0.35], \"finished3\": 17, \"idle4\": [18, 23, \"finished4\", 0.35], \"finished4\": 23, \"idle5\": [24, 29, \"finished5\", 0.35], \"finished5\": 29, \"idle6\": [30, 35, \"finished6\", 0.35], \"finished6\": 35 }",  
                
                "defaultAnimation": "idle6", "lifeSpan": "20~40", "fadeOutTime": 10,
                "startVelocity": "-1.6~1.6, -0.4~-0.1", "targetVelocity": "0,0", "acceleration": ".03,.03", "maxSpeed": "10~16"
            }
        ]
    },

    
    

    "PaintAreaEffect": {
        "oneOff": true,
        "spawnGrid": "4,4", "spawnGridCellSize": 4,
        "minimumCells": "2",
        "effectAreaOrigin": "0,0",
        
        "repulsion": "player",
        "physics": {
            "gConstant": 1.2, "frictionStrength": 25, "distanceFloor": 24, "distanceCeiling": 1200
        },
        "particles": [
            {
                "lifeSpan": "120",
                "mass": "2", "size": "4,4", "color": "#272744",
                "usesPhysics": true,
                "acceleration": "1,1", "maxSpeed": "5"
            }, {
                "lifeSpan": "120",
                "mass": "1.8", "size": "4,4", "color": "#272744",
                "usesPhysics": true,
                "acceleration": "1,1", "maxSpeed": "5"
            }, {
                "lifeSpan": "120",
                "mass": "1.6", "size": "4,4", "color": "#272744",
                "usesPhysics": true,
                "acceleration": "1,1", "maxSpeed": "5"
            }, {
                "lifeSpan": "120",
                "mass": "1.9", "size": "4,4", "color": "#272744",
                "usesPhysics": true,
                "acceleration": "1,1", "maxSpeed": "5"
            }
        ]
    },

    "WispEffect": {
        "numOfParticles": 8,
        "randomSpawn": true, "spawnInterval": 20,
        "effectArea": "20,4", "effectAreaOrigin": "2,0",

        "particles": [{
            "lifeSpan": "180~240",
            "mass": "1", "size": "2,2", "color": "#8b6d9c",
            "usesPhysics": false,
            "startVelocity": "0,-.8", "targetVelocity": "0,-0.2", "acceleration": ".10,.10", "maxSpeed": "15"
        }, {
            "lifeSpan": "180~240",
            "mass": "1", "size": "3,3", "color": "#8b6d9c",
            "usesPhysics": false,
            "startVelocity": "0,-.8", "targetVelocity": "0,-0.2", "acceleration": ".10,.10", "maxSpeed": "15"
        }]
    },


    "DregsSoot": {
        "randomSpawn": true,
        "screenWrap": true, "foreground": true, "areaSpansMap": true,
        "numOfParticles": 200,
        "parallaxDistX": 0, "parallaxDistY": 1.06,

        "simpleForces": [{
            "deltaVelocity": "-0.3~0.3,0", "durationRange": "320~640", "intervalRange": "300~900"
        }],
        "particles": [{
            "lifeSpan": "-1",
            "mass": "1", "size": "2,2", "color": "#494d7e", "usesPhysics": false,
            "startVelocity": "0,0", "targetVelocity": "-0.2~0.2,0.2~0.4", "acceleration": "1, 1", "maxSpeed": "1"
        },{
            "lifeSpan": "-1",
            "mass": "1", "size": "2,2", "color": "#494d7e", "usesPhysics": false,
            "startVelocity": "0,0", "targetVelocity": "-0.2~0.2,0.2~0.4", "acceleration": "1, 1", "maxSpeed": "1"
        },{
            "lifeSpan": "-1",
            "mass": "1", "size": "4,4", "color": "#272744", "usesPhysics": false,
            "startVelocity": "0,0", "targetVelocity": "-0.2~0.2,0.2~0.3", "acceleration": "1, 1", "maxSpeed": "0.4"
        }]
    },
    
    
    "AtriumSandLight": {
        "randomSpawn": true,
        "screenWrap": true, "foreground": true, "areaSpansMap": true,
        "numOfParticles": 200,
        "parallaxDistX": 0, "parallaxDistY": 1.06,

        "simpleForces": [{
            "deltaVelocity": "-0.3,0~0.3,0", "durationRange": "320~640", "intervalRange": "500~900"
        }],
        "particles": [{
            "lifeSpan": "-1",
            "mass": "1", "size": "2,2", "color": "#c69fa5", "usesPhysics": false,
            "startVelocity": "0,0", "targetVelocity": "-0.7~-0.4,0.2~0.4", "acceleration": "1, 1", "maxSpeed": "10"
        },{
            "lifeSpan": "-1",
            "mass": "1", "size": "4,4", "color": "#c69fa5", "usesPhysics": false,
            "startVelocity": "0,0", "targetVelocity": "-0.6~-0.3,0.2~0.3", "acceleration": "1, 1", "maxSpeed": "10"
        }]
    },

    "Hallucination": {
        "oneOff": true,
        "spawnGrid": "32,32", "spawnGridCellSize": 8, "minimumCells": "2",
        "effectAreaOrigin": "0,0",
        "physics": {
            "gConstant": 1.2, "frictionStrength": 25, "distanceFloor": 24, "distanceCeiling": 1200
        },
        "particles": [
            {
                "lifeSpan": "50", "tween": "expand",
                "mass": "2", "shape": "random", "size": "8,8", "color": "random",
                "usesPhysics": true,
                "acceleration": "1,1", "maxSpeed": "5"
            }
        ]
    },
    "HallucinationEnd": {
        "oneOff": true,
        "spawnGrid": "32,32", "spawnGridCellSize": 8, "minimumCells": "2",
        "effectAreaOrigin": "0,0",
        "physics": {
            "gConstant": 1.2, "frictionStrength": 25, "distanceFloor": 24, "distanceCeiling": 1200
        },
        "particles": [
            {
                "lifeSpan": "50", "tween": "shrink",
                "mass": "2", "shape": "random", "size": "8,8", "color": "random",
                "usesPhysics": true,
                "acceleration": "1,1", "maxSpeed": "5"
            }
        ]
    }



}