{

    "TraumaLore": {
        "context": "story", "style": "default",
        "statements": [
            "Some memories are buried too deep to recall...",
            "...",
            "The spirit is not an atomic unit.",
            "Where there was only one, two took forms of their own.",
            "The young, the aged.  The innocent, the scarred.  The blissful, the burdened.",
            "...But you are already familiar with this, exile."
        ]
    },

    "TraumaReaperImpure": {
        "context": "story", "style": "default",
        "statements": [
            "we are impure, we are impure",
            "we wish to be cleansed"
        ]
    },
    "TraumaReaperPrison": {
        "context": "story", "style": "default",
        "statements": [
            "this place is a prison",
            "why does the dead refuse to die"
        ]
    },
    "TraumaReaperGift": {
        "context": "story", "style": "default",
        "statements": [
            "we are in search of the Reaper",
            "do you not also seek his gift"
        ]
    },
    "TraumaReaperAnger": {
        "context": "story", "style": "default",
        "statements": [
            "can you sense his anger",
            "this place maddens him",
            "perhaps it is from a previous life"
        ]
    },
    
    "TraumaThemeFailure": {
        "context": "story", "style": "default",
        "statements": [
            "what did I do to deserve this",
            "maybe I was the one that failed her"
        ]
    },
    "TraumaThemeHurt": {
        "context": "story", "style": "default",
        "statements": [
            "can it still hurt me if I don't remember"
        ]
    },
    "TraumaThemeFoggy": {
        "context": "story", "style": "default",
        "statements": [
            "it's all so foggy, as if it was a dream"
        ]
    },
    "TraumaThemeScars": {
        "context": "story", "style": "default",
        "statements": [
            "I know it was real because of the scars left"
        ]
    },

    
    "TraumaSourceReaper": {
        "context": "story", "style": "default",
        "statements": [
            "he's alive",
            "but he's seen better days"
        ]
    },
    "TraumaSourceVictim": {
        "context": "story", "style": "default",
        "statements": [
            "I am calling out to you"
        ]
    },
    "TraumaSourceMother": {
        "context": "story", "style": "default",
        "statements": [
            "part of it is real",
            "the part that still exists in your mind"
        ]
    },
    "TraumaSourceKiller": {
        "context": "story", "style": "default",
        "statements": [
            "haha",
            "haha",
            "haha",
            "haha"
        ]
    },

    "TraumaThemeGuide": {
        "context": "story", "style": "default",
        "statements": [
            "Can you feel it?",
            "Can you feel His pain?",
            "Despite her best efforts, He came to grievous harm.",
            "The failures of the past are heavy...so heavy, they are weighing this place down."
        ]
    },
    "TraumaThemeFair": {
        "context": "story", "style": "default",
        "statements": [
            "none of it makes sense",
            "none of it is fair"
        ]
    },
    "TraumaThemeHold": {
        "context": "story", "style": "default",
        "statements": [
            "this is too much to hold onto",
            "what do I do wih all of this"
        ]
    },
    "TraumaThemeBreak": {
        "context": "story", "style": "default",
        "statements": [
            "sometimes I scare myself",
            "sometimes I have to break things"
        ]
    },

    "TraumaDregs":  {
        "context": "story", "style": "default",
        "statements": [
            "Heh...you traveled far and wide, but now you're back here.",
            "I wonder what it is that you're after.",
            "I gave up on escaping a long time ago.  Is there something you know that I don't?",
            "Or is your goal something else entirely...?"
        ],
        "statements2": [
            "There's definitely something off about you.",
            "Tou aren't dead, are you?  What are you even doing in a place like this?",
            "How curious...",
            "Now I really question your motives.",
            "Heheheh."
        ],
        "statements3": [
            "Shoo, little one.  You have better things to do...don't you?"
        ],
        "statements4": [
            "..."
        ]
    },

    "TraumaReaper": {
        "context": "story", "style": "default",
        "statements": [
            "He doesn't react in any way."
        ]
    }

}